Language_ID	Grapheme	IPA
H	ādʹū	aː ɟ uː
OH	āldʹū	aː l ɟ uː
LAH	aldau̯	a l d a w
EAH	aldaγ	a l d a ɣ
H	åynāroz	ɒ j n aː r o z
EAH	ayan	a j a n
H	ākoš	aː k o ʃ
H	āgoš	aː ɡ o ʃ
H	āl	aː l
H	ålåč	ɒ l ɒ t͡ʃ
EAH	alač	a l a t͡ʃ
H	ålmå	ɒ l m ɒ
EAH	alma	a l m a
H	āltålåg	aː l t ɒ l ɒ ɡ
EAH	altalag	a l t a l a ɡ
H	ātålåg	aː t ɒ l ɒ ɡ
H	āpol	aː p o l
OH	apol	a p o l
EAH	op	o p
H	āporodik	aː p o r o d i k
EAH	oporo	o p o r o
H	åprō	ɒ p r oː
OH	oprau̯	o p r a w
EAH	opuruγ	o p u r u ɣ
H	åråt	ɒ r ɒ t
EAH	orat	o r a t
H	ārik	aː r i k
EAH	ār	aː r
H	ārt	aː r t
EAH	ārtat	aː r t a t
H	ārkāń	aː r k aː ɲ
EAH	arkan	a r k a n
H	ārok	aː r o k
EAH	āruk	aː r u k
H	ārpå	aː r p ɒ
EAH	arpa	a r p a
H	ārtāń	aː r t aː ɲ
EAH	aritan	a r i t a n
H	āsok	aː s o k
OH	ask	a s k
EAH	aski	a s k i
H	bāy	b aː j
EAH	bay	b a j
H	bålkāń	b ɒ l k aː ɲ
EAH	balkan	b a l k a n
H	båltå	b ɒ l t ɒ
EAH	balta	b a l t a
H	bālvāń	b aː l v aː ɲ
EAH	balvan	b a l v a n
H	bān	b aː n
EAH	baγin	b a ɣ i n
H	bårāg	b ɒ r aː ɡ
EAH	barag	b a r a ɡ
H	bārcå	b aː r t͡s ɒ
EAH	bāsa	b aː s a
H	bårom	b ɒ r o m
EAH	barum	b a r u m
H	bāršoń	b aː r ʃ o ɲ
OH	baršun	b a r ʃ u n
EAH	barčun	b a r t͡ʃ u n
H	båsik	b ɒ s i k
EAH	bas	b a s
H	bātor	b aː t o r
EAH	baγatur	b a ɣ a t u r
H	bēkå	b eː k ɒ
EAH	baka	b a k a
H	bēkō	b eː k oː
EAH	bikaγu	b i k a ɣ u
H	bēklʹō	b eː k ʎ oː
H	bēlʹeg	b eː ʎ ɛ ɡ
EAH	beleg	b ɛ l ɛ ɡ
H	bēr	b eː r
EAH	bērü	b eː r y
H	bercel	b ɛ r t͡s ɛ l
EAH	bersil	b ɛ r s i l
H	bertǖ	b ɛ r t yː
OH	börtǖ	b ø r t yː
LAH	börteü̯	b ø r t ɛ ɥ
EAH	bürtiγ	b y r t i ɣ
H	beše	b ɛ ʃ ɛ
H	bešeńȫ	b ɛ ʃ ɛ ɲ øː
OH	bešeneü̯	b ɛ ʃ ɛ n ɛ ɥ
EAH	bešeneγ	b ɛ ʃ ɛ n ɛ ɣ
H	betǖ	b ɛ t yː
OH	beteü̯	b ɛ t ɛ ɥ
EAH	bitiγ	b i t i ɣ
H	bičåk	b i t͡ʃ ɒ k
EAH	bičak	b i t͡ʃ a k
H	bikå	b i k ɒ
EAH	bika	b i k a
H	bilinč	b i l i n t͡ʃ
OH	bilinček	b i l i n t͡ʃ ɛ k
EAH	bileček	b i l ɛ t͡ʃ ɛ k
H	bīrō	b iː r oː
OH	birō	b i r oː
EAH	biruγ	b i r u ɣ
H	bočānik	b o t͡ʃ aː n i k
OH	bočan	b o t͡ʃ a n
EAH	bolčan	b o l t͡ʃ a n
H	bočāt	b o t͡ʃ aː t
OH	bulšat	b u l ʃ a t
EAH	bulčat	b u l t͡ʃ a t
H	bōdå	b oː d ɒ
OH	boldå	b o l d ɒ
EAH	baldaw	b a l d a w
H	bog	b o ɡ
H	boglʹå	b o ɡ ʎ ɒ
LAH	bogulʹa	b o ɡ u ʎ a
EAH	bogul	b o ɡ u l
H	boyt	b o j t
OH	buyt	b u j t
LAH	buγt	b u ɣ t
EAH	buγut	b u ɣ u t
H	boytoryān	b o j t o r j aː n
EAH	balturγan	b a l t u r ɣ a n
H	bokå	b o k ɒ
H	båkånč	b ɒ k ɒ n t͡ʃ
EAH	båkå	b ɒ k ɒ
H	bolʹ	b o ʎ
EAH	boγol	b o ɣ o l
H	bor	b o r
EAH	bur	b u r
H	boryū	b o r j uː
OH	burγu	b u r ɣ u
EAH	buraγu	b u r a ɣ u
H	borš	b o r ʃ
EAH	burč	b u r t͡ʃ
H	boršō	b o r ʃ oː
OH	buršau̯	b u r ʃ a w
EAH	burčaγ	b u r t͡ʃ a ɣ
H	borz	b o r z
EAH	borsi	b o r s i
H	bosorkāń	b o s o r k aː ɲ
EAH	basarkan	b a s a r k a n
H	bossån	b o s s ɒ n
EAH	busan	b u s a n
H	bossū	b o s s uː
OH	bossou̯	b o s s o w
EAH	bosuγ	b o s u ɣ
H	bot	b o t
OH	buti	b u t i
LAH	butī	b u t iː
EAH	butiγ	b u t i ɣ
LAH	butu	b u t u
H	but	b u t
H	bozå	b o z ɒ
EAH	boza	b o z a
H	bȫ	b øː
OH	beü̯	b ɛ ɥ
EAH	beγ	b ɛ ɣ
H	bögölʹ	b ø ɡ ø ʎ
LAH	bögölʹök	b ø ɡ ø ʎ ø k
EAH	bögölök	b ø ɡ ø l ø k
H	böyt	b ø j t
OH	büχt	b y χ t
EAH	büγte	b y ɣ t ɛ
H	bölč	b ø l t͡ʃ
OH	bȫč	b øː t͡ʃ
EAH	büγüči	b y ɣ y t͡ʃ i
H	bölčȫ	b ø l t͡ʃ øː
OH	belčȫ	b ɛ l t͡ʃ øː
EAH	belčeγ	b ɛ l t͡ʃ ɛ ɣ
H	bölēń	b ø l eː ɲ
OH	belēń	b ɛ l eː ɲ
EAH	belen	b ɛ l ɛ n
H	börtön	b ø r t ø n
EAH	berten	b ɛ r t ɛ n
H	būš	b uː ʃ
OH	bū	b uː
EAH	buγ	b u ɣ
H	būčū	b uː t͡ʃ uː
OH	bulčū	b u l t͡ʃ uː
EAH	bulčuγ	b u l t͡ʃ u ɣ
H	bugå	b u ɡ ɒ
EAH	buga	b u ɡ a
H	bulår	b u l ɒ r
EAH	bular	b u l a r
H	būs	b uː s
H	būzå	b uː z ɒ
OH	būza	b uː z a
EAH	buγzai	b u ɣ z a i
H	buzogāń	b u z o ɡ aː ɲ
EAH	buzgan	b u z ɡ a n
H	bük	b y k
EAH	bik	b i k
H	bǖn	b yː n
H	bütü	b y t y
EAH	bütüγ	b y t y ɣ
H	bǖvös	b yː v ø s
OH	bǖ	b yː
EAH	büγü	b y ɣ y
H	cigle	t͡s i ɡ l ɛ
EAH	čigle	t͡ʃ i ɡ l ɛ
EAH	čikle	t͡ʃ i k l ɛ
H	čëkle	t͡ʃ e k l ɛ
H	čeklʹe	t͡ʃ ɛ k ʎ ɛ
H	čigolʹå	t͡ʃ i ɡ o ʎ ɒ
OH	čigolʹa	t͡ʃ i ɡ o ʎ a
EAH	čigla	t͡ʃ i ɡ l a
H	čiglå	t͡ʃ i ɡ l ɒ
H	cötkēń	t͡s ø t k eː ɲ
EAH	sütken	s y t k ɛ n
EAH	süttegen	s y t t ɛ ɡ ɛ n
H	čåbåk	t͡ʃ ɒ b ɒ k
EAH	čabak	t͡ʃ a b a k
H	čåk	t͡ʃ ɒ k
EAH	čak	t͡ʃ a k
H	čākāń	t͡ʃ aː k aː ɲ
EAH	čakan	t͡ʃ a k a n
H	čålān	t͡ʃ ɒ l aː n
EAH	čalān	t͡ʃ a l aː n
EAH	čilān	t͡ʃ i l aː n
EAH	čalaγan	t͡ʃ a l a ɣ a n
H	čålit	t͡ʃ ɒ l i t
EAH	čalit	t͡ʃ a l i t
H	čånåk	t͡ʃ ɒ n ɒ k
EAH	čanak	t͡ʃ a n a k
H	čåtå	t͡ʃ ɒ t ɒ
EAH	čata	t͡ʃ a t a
H	čåtol	t͡ʃ ɒ t o l
OH	čatol	t͡ʃ a t o l
EAH	čat	t͡ʃ a t
H	čåt	t͡ʃ ɒ t
EAH	čati	t͡ʃ a t i
H	čēč	t͡ʃ eː t͡ʃ
EAH	čëč	t͡ʃ e t͡ʃ
H	čekēl	t͡ʃ ɛ k eː l
OH	ček	t͡ʃ ɛ k
EAH	čik	t͡ʃ i k
H	čigå	t͡ʃ i ɡ ɒ
EAH	čïga	t͡ʃ ɯ ɡ a
H	čiger	t͡ʃ i ɡ ɛ r
EAH	čigir	t͡ʃ i ɡ i r
H	čipå	t͡ʃ i p ɒ
EAH	čapa	t͡ʃ a p a
H	čolāk	t͡ʃ o l aː k
EAH	čolak	t͡ʃ o l a k
H	čomåk	t͡ʃ o m ɒ k
EAH	čomak	t͡ʃ o m a k
H	čȫdör	t͡ʃ øː d ø r
EAH	čeü̯dür	t͡ʃ ɛ ɥ d y r
H	čök	t͡ʃ ø k
EAH	čük	t͡ʃ y k
H	čökik	t͡ʃ ø k i k
H	čököńöš	t͡ʃ ø k ø ɲ ø ʃ
OH	čököń	t͡ʃ ø k ø ɲ
EAH	čükün	t͡ʃ y k y n
H	čȫs	t͡ʃ øː s
EAH	čäüš	t͡ʃ ɛ y ʃ
H	čūńå	t͡ʃ uː ɲ ɒ
OH	čuńa	t͡ʃ u ɲ a
EAH	čunaγ	t͡ʃ u n a ɣ
H	čǖr	t͡ʃ yː r
EAH	čevür	t͡ʃ ɛ v y r
OH	čǖri	t͡ʃ yː r i
EAH	čeviri	t͡ʃ ɛ v i r i
H	dåkši	d ɒ k ʃ i
EAH	ǰakši	d͡ʒ a k ʃ i
H	dåku	d ɒ k u
EAH	daku	d a k u
H	dårå	d ɒ r ɒ
EAH	dara	d a r a
H	dēl	d eː l
EAH	töli	t ø l i
EAH	döli	d ø l i
H	diō	d i oː
OH	ǰiwo	d͡ʒ i w o
LAH	ǰiγau̯	d͡ʒ i ɣ a w
EAH	ǰiγaγ	d͡ʒ i ɣ a ɣ
H	disnō	d i s n oː
EAH	ǰisnaγ	d͡ʒ i s n a ɣ
H	dȫl	d øː l
OH	dǖl	d yː l
EAH	dül	d y l
H	dug	d u ɡ
EAH	dïg	d ɯ ɡ
H	ëdʹhāz	e ɟ h aː z
EAH	ëdʹ	e ɟ
H	ēk	eː k
H	eke	ɛ k ɛ
EAH	ekeγ	ɛ k ɛ ɣ
H	enged	ɛ n ɡ ɛ d
EAH	eng	ɛ n ɡ
H	engestel	ɛ n ɡ ɛ s t ɛ l
H	enȫ	ɛ n øː
OH	eneü̯	ɛ n ɛ ɥ
EAH	ineγ	i n ɛ ɣ
H	ēr	eː r
EAH	er	ɛ r
H	ērdem	eː r d ɛ m
EAH	erdem	ɛ r d ɛ m
H	erkölč	ɛ r k ø l t͡ʃ
EAH	erkelč	ɛ r k ɛ l t͡ʃ
H	erńed	ɛ r ɲ ɛ d
EAH	erin	ɛ r i n
H	erȫ	ɛ r øː
OH	ereü̯	ɛ r ɛ ɥ
EAH	eriγ	ɛ r i ɣ
H	eš	ɛ ʃ
OH	ešü	ɛ ʃ y
LAH	ečü	ɛ t͡ʃ y
EAH	ičü	i t͡ʃ y
H	eškü	ɛ ʃ k y
OH	iškü	i ʃ k y
EAH	ičkü	i t͡ʃ k y
H	ēs	eː s
EAH	es	ɛ s
H	etel	ɛ t ɛ l
EAH	etil	ɛ t i l
H	gåz	ɡ ɒ z
OH	kāz	k aː z
EAH	kaγzu	k a ɣ z u
H	gödēń	ɡ ø d eː ɲ
OH	güden	ɡ y d ɛ n
H	görēń	ɡ ø r eː ɲ
EAH	güren	ɡ y r ɛ n
H	güdʹǖ	ɡ y ɟ yː
OH	küdʹǖ	k y ɟ yː
LAH	küdʹeü̯	k y ɟ ɛ ɥ
EAH	küdeγü	k y d ɛ ɣ y
H	güzü	ɡ y z y
OH	güzǖ	ɡ y z yː
LAH	küzeγü	k y z ɛ ɣ y
EAH	küseγü	k y s ɛ ɣ y
H	dʹålāz	ɟ ɒ l aː z
OH	dʹala	ɟ a l a
EAH	ǰala	d͡ʒ a l a
H	dʹålom	ɟ ɒ l o m
EAH	ǰalum	d͡ʒ a l u m
H	dʹånū	ɟ ɒ n uː
OH	ǰanau̯	d͡ʒ a n a w
EAH	ǰonaγ	d͡ʒ o n a ɣ
H	dʹåpyū	ɟ ɒ p j uː
OH	ǰapyu	d͡ʒ a p j u
EAH	ǰapγu	d͡ʒ a p ɣ u
H	dʹåpot	ɟ ɒ p o t
EAH	ǰaput	d͡ʒ a p u t
H	dʹåråpodik	ɟ ɒ r ɒ p o d i k
OH	dʹåråp	ɟ ɒ r ɒ p
LAH	ǰarap	d͡ʒ a r a p
EAH	ǰarpa	d͡ʒ a r p a
H	dʹåråpsik	ɟ ɒ r ɒ p s i k
H	dʹårlō	ɟ ɒ r l oː
OH	ǰarlou̯	d͡ʒ a r l o w
EAH	ǰarlïγ	d͡ʒ a r l ɯ ɣ
H	dʹārt	ɟ aː r t
OH	dʹarat	ɟ a r a t
EAH	ǰarat	d͡ʒ a r a t
H	dʹās	ɟ aː s
OH	ǰās	d͡ʒ aː s
EAH	ǰas	d͡ʒ a s
H	dʹēkēń	ɟ eː k eː ɲ
EAH	ǰeken	d͡ʒ ɛ k ɛ n
H	dʹënge	ɟ e n ɡ ɛ
EAH	ǰenge	d͡ʒ ɛ n ɡ ɛ
H	dʹeplȫ	ɟ ɛ p l øː
OH	ǰepleü̯	d͡ʒ ɛ p l ɛ ɥ
EAH	ǰipliγ	d͡ʒ i p l i ɣ
H	dʹepǖ	ɟ ɛ p yː
OH	ǰepeü̯	d͡ʒ ɛ p ɛ ɥ
EAH	ǰepiγ	d͡ʒ ɛ p i ɣ
H	dʹep	ɟ ɛ p
EAH	ǰepi	d͡ʒ ɛ p i
H	dʹermek	ɟ ɛ r m ɛ k
EAH	ǰärmäk	d͡ʒ ɛ r m ɛ k
H	dʹertʹå	ɟ ɛ r c ɒ
EAH	ǰarta	d͡ʒ a r t a
H	dʹertʹān	ɟ ɛ r c aː n
OH	ǰartān	d͡ʒ a r t aː n
EAH	ǰartaγan	d͡ʒ a r t a ɣ a n
H	dʹilkoš	ɟ i l k o ʃ
EAH	ǰilkuš	d͡ʒ i l k u ʃ
H	dʹom	ɟ o m
EAH	ǰom	d͡ʒ o m
H	dʹomor	ɟ o m o r
OH	dʹumur	ɟ u m u r
EAH	ǰumur	d͡ʒ u m u r
H	dʹōn	ɟ oː n
OH	dʹun	ɟ u n
EAH	ǰūn	d͡ʒ uː n
H	dʹovon	ɟ o v o n
OH	dʹuvun	ɟ u v u n
EAH	ǰuvun	d͡ʒ u v u n
H	dʹopār	ɟ o p aː r
OH	ǰupar	d͡ʒ u p a r
EAH	ǰïpar	d͡ʒ ɯ p a r
H	dʹöndʹ	ɟ ø n ɟ
OH	ǰünǰ	d͡ʒ y n d͡ʒ
LAH	ǰünǰü	d͡ʒ y n d͡ʒ y
EAH	ǰinǰü	d͡ʒ i n d͡ʒ y
H	dʹötör	ɟ ø t ø r
OH	ǰütür	d͡ʒ y t y r
EAH	ǰitür	d͡ʒ i t y r
H	dʹȫz	ɟ øː z
OH	dʹēz	ɟ eː z
EAH	ǰeγüz	d͡ʒ ɛ ɣ y z
H	dʹūl	ɟ uː l
EAH	ǰul	d͡ʒ u l
H	dʹūr	ɟ uː r
EAH	ǰuγur	d͡ʒ u ɣ u r
H	dʹǖl	ɟ yː l
OH	dʹīl	ɟ iː l
EAH	ǰiγil	d͡ʒ i ɣ i l
H	dʹǖyt	ɟ yː j t
H	dʹǖlöl	ɟ yː l ø l
OH	dʹǖle	ɟ yː l ɛ
LAH	dʹeü̯le	ɟ ɛ ɥ l ɛ
EAH	ǰeγile	d͡ʒ ɛ ɣ i l ɛ
H	dʹümölč	ɟ y m ø l t͡ʃ
OH	dʹömölč	ɟ ø m ø l t͡ʃ
LAH	dʹemilč	ɟ ɛ m i l t͡ʃ
EAH	ǰemilč	d͡ʒ ɛ m i l t͡ʃ
H	dʹümölčēń	ɟ y m ø l t͡ʃ eː ɲ
OH	dʹemilčen	ɟ ɛ m i l t͡ʃ ɛ n
EAH	ǰemilčen	d͡ʒ ɛ m i l t͡ʃ ɛ n
H	dʹǖrǖ	ɟ yː r yː
OH	dʹereü̯	ɟ ɛ r ɛ ɥ
EAH	ǰereγ	d͡ʒ ɛ r ɛ ɣ
OH	dʹüreü̯	ɟ y r ɛ ɥ
EAH	ǰürüγ	d͡ʒ y r y ɣ
H	dʹǖsǖ	ɟ yː s yː
EAH	ǰüγsüγ	d͡ʒ y ɣ s y ɣ
H	håyō	h ɒ j oː
EAH	hayiγ	h a j i ɣ
H	hårång	h ɒ r ɒ n ɡ
EAH	hangar	h a n ɡ a r
H	heryō	h ɛ r j oː
EAH	xirγuy	k s i r ɣ u j
H	homok	h o m o k
OH	humuki	h u m u k i
EAH	humoki	h u m o k i
H	hurok	h u r o k
EAH	urok	u r o k
H	idȫ	i d øː
OH	üdȫ	y d øː
LAH	üdeü̯	y d ɛ ɥ
EAH	üdeγ	y d ɛ ɣ
H	igen	i ɡ ɛ n
EAH	egen	ɛ ɡ ɛ n
H	iyed	i j ɛ d
OH	iye	i j ɛ
EAH	äyi	ɛ j i
H	iyest	i j ɛ s t
H	iker	i k ɛ r
EAH	ikir	i k i r
H	ildom	i l d o m
EAH	ildam	i l d a m
H	illik	i l l i k
EAH	il	i l
H	imād	i m aː d
OH	vimad	v i m a d
EAH	vim	v i m
H	ing	i n ɡ
OH	ümeg	y m ɛ ɡ
EAH	ümmeg	y m m ɛ ɡ
H	īr	iː r
EAH	ir	i r
H	īrō	iː r oː
OH	irō	i r oː
EAH	iraγ	i r a ɣ
H	izzik	i z z i k
OH	izi	i z i
EAH	isi	i s i
H	yās	j aː s
H	kåytār	k ɒ j t aː r
H	kākå	k aː k ɒ
H	kålåuz	k ɒ l ɒ u z
EAH	kalauz	k a l a u z
H	kålōz	k ɒ l oː z
H	kāliz	k aː l i z
EAH	kaliz	k a l i z
H	kålokāń	k ɒ l o k aː ɲ
EAH	karlukan	k a r l u k a n
H	kolokāń	k o l o k aː ɲ
H	kårlokāń	k ɒ r l o k aː ɲ
H	kåmči	k ɒ m t͡ʃ i
H	kåmši	k ɒ m ʃ i
H	kåmži	k ɒ m z i
H	kåndʹīk	k ɒ n ɟ iː k
EAH	kåndʹikå	k ɒ n ɟ i k ɒ
H	kåntār	k ɒ n t aː r
H	kåńårō	k ɒ ɲ ɒ r oː
OH	kåråńō	k ɒ r ɒ ɲ oː
LAH	kåråmō	k ɒ r ɒ m oː
EAH	karamuγ	k a r a m u ɣ
H	kåptāń	k ɒ p t aː ɲ
OH	kåpkāń	k ɒ p k aː ɲ
EAH	kapkan	k a p k a n
H	kåpu	k ɒ p u
OH	kapū	k a p uː
EAH	kapuγ	k a p u ɣ
H	kår	k ɒ r
EAH	kar	k a r
H	kār	k aː r
H	kåråkān	k ɒ r ɒ k aː n
EAH	karakan	k a r a k a n
H	kårām	k ɒ r aː m
EAH	korām	k o r aː m
H	kårånbēl	k ɒ r ɒ n b eː l
EAH	karampil	k a r a m p i l
H	kårō	k ɒ r oː
OH	kårou̯	k ɒ r o w
EAH	karoγ	k a r o ɣ
H	kārōkåtonå	k aː r oː k ɒ t o n ɒ
OH	karakatona	k a r a k a t o n a
EAH	karakotan	k a r a k o t a n
H	kårvålʹ	k ɒ r v ɒ ʎ
EAH	karγay	k a r ɣ a j
H	kåtāng	k ɒ t aː n ɡ
EAH	katāng	k a t aː n ɡ
H	kåzār	k ɒ z aː r
EAH	kazar	k a z a r
H	kebel	k ɛ b ɛ l
H	kečke	k ɛ t͡ʃ k ɛ
EAH	kečeke	k ɛ t͡ʃ ɛ k ɛ
H	kēk	k eː k
EAH	keyk	k ɛ j k
H	kelendʹe	k ɛ l ɛ n ɟ ɛ
OH	kelinǰe	k ɛ l i n d͡ʒ ɛ
EAH	kälinčäγ	k ɛ l i n t͡ʃ ɛ ɣ
H	kender	k ɛ n d ɛ r
EAH	kendir	k ɛ n d i r
H	kēnesȫ	k eː n ɛ s øː
EAH	kenešǖ	k ɛ n ɛ ʃ yː
H	kēp	k eː p
H	kepe	k ɛ p ɛ
EAH	kepeγ	k ɛ p ɛ ɣ
H	kerep	k ɛ r ɛ p
H	kērȫdzik	k eː r øː d͡z i k
EAH	kēr	k eː r
H	kērȫ	k eː r øː
OH	kevreγ	k ɛ v r ɛ ɣ
EAH	kevereγ	k ɛ v ɛ r ɛ ɣ
H	kert	k ɛ r t
EAH	kerte	k ɛ r t ɛ
H	kešelʹǖ	k ɛ ʃ ɛ ʎ yː
OH	kešeleü̯	k ɛ ʃ ɛ l ɛ ɥ
EAH	küčeleγ	k y t͡ʃ ɛ l ɛ ɣ
H	kēšik	k eː ʃ i k
OH	kēš	k eː ʃ
EAH	kēč	k eː t͡ʃ
H	kičiń	k i t͡ʃ i ɲ
EAH	kičin	k i t͡ʃ i n
EAH	küčün	k y t͡ʃ y n
H	kiči	k i t͡ʃ i
H	kiš	k i ʃ
OH	kiši	k i ʃ i
EAH	kičiγ	k i t͡ʃ i ɣ
H	kīyc	k iː j t͡s
LAH	kiyic	k i j i t͡s
EAH	kiyiz	k i j i z
H	kikerič	k i k ɛ r i t͡ʃ
EAH	kükerilč	k y k ɛ r i l t͡ʃ
H	kiköčēń	k i k ø t͡ʃ eː ɲ
OH	kikörčen	k i k ø r t͡ʃ ɛ n
EAH	kükerčen	k y k ɛ r t͡ʃ ɛ n
H	kīn	k iː n
H	kobåk	k o b ɒ k
EAH	kåbåk	k ɒ b ɒ k
H	koboz	k o b o z
H	koldul	k o l d u l
EAH	koldu	k o l d u
H	kolduš	k o l d u ʃ
H	komlō	k o m l oː
OH	kumlau̯	k u m l a w
EAH	kumlaγ	k u m l a ɣ
H	komōčin	k o m oː t͡ʃ i n
EAH	kåmičin	k ɒ m i t͡ʃ i n
H	komondor	k o m o n d o r
EAH	kumandur	k u m a n d u r
H	komor	k o m o r
EAH	komur	k o m u r
H	koporšō	k o p o r ʃ oː
EAH	kopurčaγ	k o p u r t͡ʃ a ɣ
H	kor	k o r
EAH	kur	k u r
H	korhāń	k o r h aː ɲ
EAH	korγan	k o r ɣ a n
H	kōrō	k oː r oː
OH	korou̯	k o r o w
EAH	kuroγ	k u r o ɣ
H	korom	k o r o m
EAH	kurum	k u r u m
H	koš	k o ʃ
EAH	koč	k o t͡ʃ
H	kozmå	k o z m ɒ
OH	kosmā	k o s m aː
EAH	kasmaγ	k a s m a ɣ
H	ködmön	k ø d m ø n
EAH	kedmen	k ɛ d m ɛ n
H	ködmen	k ø d m ɛ n
H	kökēń	k ø k eː ɲ
EAH	köken	k ø k ɛ n
H	kölčön	k ø l t͡ʃ ø n
EAH	külčen	k y l t͡ʃ ɛ n
H	köldök	k ø l d ø k
OH	kildik	k i l d i k
EAH	kindik	k i n d i k
H	kölʹök	k ø ʎ ø k
LAH	kölek	k ø l ɛ k
EAH	külek	k y l ɛ k
H	kölʹǖ	k ø ʎ yː
OH	kelǖ	k ɛ l yː
EAH	keliγ	k ɛ l i ɣ
H	kentreg	k ɛ n t r ɛ ɡ
OH	köndrög	k ø n d r ø ɡ
LAH	kömdörök	k ø m d ø r ø k
EAH	kömöndörök	k ø m ø n d ø r ø k
H	köńv	k ø ɲ v
OH	köńüγ	k ø ɲ y ɣ
EAH	küńüγ	k y ɲ y ɣ
H	köńü	k ø ɲ y
H	köpcöš	k ø p t͡s ø ʃ
OH	köpčöš	k ø p t͡ʃ ø ʃ
LAH	köpčȫ	k ø p t͡ʃ øː
EAH	köpčeγ	k ø p t͡ʃ ɛ ɣ
H	köpec	k ø p ɛ t͡s
OH	köpečke	k ø p ɛ t͡ʃ k ɛ
LAH	köpekče	k ø p ɛ k t͡ʃ ɛ
EAH	köpek	k ø p ɛ k
H	köpöńek	k ø p ø ɲ ɛ k
EAH	kepenek	k ɛ p ɛ n ɛ k
H	köpǖ	k ø p yː
OH	küpǖ	k y p yː
EAH	küpüγ	k y p y ɣ
H	kȫriš	k øː r i ʃ
OH	kǖriš	k yː r i ʃ
EAH	kewrič	k ɛ w r i t͡ʃ
H	kȫrȫ	k øː r øː
H	körtvēlʹ	k ø r t v eː ʎ
OH	kërtveli	k e r t v ɛ l i
EAH	kertβeli	k ɛ r t w ɛ l i
OH	kertmeli	k ɛ r t m ɛ l i
EAH	kertmeliγ	k ɛ r t m ɛ l i ɣ
H	kösön	k ø s ø n
EAH	küsen	k y s ɛ n
H	kun	k u n
OH	kūn	k uː n
EAH	kuwan	k u w a n
H	kuvås	k u v ɒ s
EAH	kuwaz	k u w a z
H	küllȫ	k y l l øː
EAH	külleγ	k y l l ɛ ɣ
OH	külliγ	k y l l i ɣ
LAH	kölliγ	k ø l l i ɣ
EAH	köligeliγ	k ø l i ɡ ɛ l i ɣ
OH	külȫ	k y l øː
LAH	küvȫ	k y v øː
EAH	küvey	k y v ɛ j
H	mōnārköd	m oː n aː r k ø d
OH	mōnār	m oː n aː r
EAH	munar	m u n a r
H	ńögēr	ɲ ø ɡ eː r
EAH	nöger	n ø ɡ ɛ r
H	očū	o t͡ʃ uː
OH	učū	u t͡ʃ uː
LAH	učou̯	u t͡ʃ o w
EAH	učoγ	u t͡ʃ o ɣ
H	ok	o k
EAH	uk	u k
H	oktåt	o k t ɒ t
H	ōl	oː l
OH	oγul	o ɣ u l
EAH	aγul	a ɣ u l
H	olčō	o l t͡ʃ oː
OH	ōčō	oː t͡ʃ oː
LAH	učau̯	u t͡ʃ a w
EAH	učaγ	u t͡ʃ a ɣ
H	ollō	o l l oː
OH	oγlou̯	o ɣ l o w
EAH	oγlaγ	o ɣ l a ɣ
H	ondō	o n d oː
OH	ondau̯	o n d a w
EAH	undaγ	u n d a ɣ
H	ontok	o n t o k
H	ontog	o n t o ɡ
H	oros	o r o s
EAH	urus	u r u s
H	oroslān	o r o s l aː n
EAH	uruslān	u r u s l aː n
H	oršō	o r ʃ oː
OH	uršū	u r ʃ uː
EAH	určuγ	u r t͡ʃ u ɣ
H	orv	o r v
OH	urvu	u r v u
LAH	uvru	u v r u
EAH	uγru	u ɣ r u
H	orvoš	o r v o ʃ
OH	urvoš	u r v o ʃ
EAH	urvoči	u r v o t͡ʃ i
H	oš	o ʃ
OH	ošk	o ʃ k
LAH	ačk	a t͡ʃ k
EAH	alčuk	a l t͡ʃ u k
H	ökör	ø k ø r
OH	ökür	ø k y r
EAH	ükür	y k y r
H	ölt	ø l t
EAH	ilt	i l t
H	ölʹv	ø ʎ v
OH	ölʹü	ø ʎ y
EAH	eliγ	ɛ l i ɣ
H	önik	ø n i k
OH	ön	ø n
EAH	ün	y n
H	ȫr	øː r
EAH	evir	ɛ v i r
H	örmēń	ø r m eː ɲ
EAH	eü̯rmen	ɛ ɥ r m ɛ n
EAH	ermeni	ɛ r m ɛ n i
H	örök	ø r ø k
EAH	ürük	y r y k
H	örül	ø r y l
OH	ör	ø r
EAH	öγir	ø ɣ i r
H	ȫrül	øː r y l
OH	eü̯ril	ɛ ɥ r i l
EAH	evril	ɛ v r i l
H	örvēń	ø r v eː ɲ
LAH	ewir	ɛ w i r
EAH	eγir	ɛ ɣ i r
H	ȫrēm	øː r eː m
OH	eürem	ɛ y r ɛ m
EAH	eγrim	ɛ ɣ r i m
EAH	örmen	ø r m ɛ n
H	özön	ø z ø n
EAH	üzen	y z ɛ n
H	šåyt	ʃ ɒ j t
OH	šaχt	ʃ a χ t
EAH	čaγt	t͡ʃ a ɣ t
H	šār	ʃ aː r
EAH	šar	ʃ a r
EAH	šari	ʃ a r i
H	šārgå	ʃ aː r ɡ ɒ
OH	šarog	ʃ a r o ɡ
EAH	šarug	ʃ a r u ɡ
H	šārkāń	ʃ aː r k aː ɲ
EAH	šārkān	ʃ aː r k aː n
H	šårlō	ʃ ɒ r l oː
EAH	čarlaγ	t͡ʃ a r l a ɣ
H	šārmå	ʃ aː r m ɒ
EAH	šarmaγ	ʃ a r m a ɣ
H	šåru	ʃ ɒ r u
OH	šarū	ʃ a r uː
EAH	čaruγ	t͡ʃ a r u ɣ
H	šātor	ʃ aː t o r
OH	šatur	ʃ a t u r
EAH	čatur	t͡ʃ a t u r
H	šebeš	ʃ ɛ b ɛ ʃ
EAH	šeb	ʃ ɛ b
H	šeper	ʃ ɛ p ɛ r
EAH	šipir	ʃ i p i r
H	šeprǖ	ʃ ɛ p r yː
EAH	šipiriγ	ʃ i p i r i ɣ
H	šeprȫ	ʃ ɛ p r øː
OH	čeprȫ	t͡ʃ ɛ p r øː
EAH	čöpreγ	t͡ʃ ø p r ɛ ɣ
H	šēr	ʃ eː r
EAH	šir	ʃ i r
H	šereg	ʃ ɛ r ɛ ɡ
OH	šerig	ʃ ɛ r i ɡ
EAH	čärig	t͡ʃ ɛ r i ɡ
H	šerke	ʃ ɛ r k ɛ
EAH	širke	ʃ i r k ɛ
H	šerleg	ʃ ɛ r l ɛ ɡ
H	šerte	ʃ ɛ r t ɛ
OH	širte	ʃ i r t ɛ
EAH	širt	ʃ i r t
H	šīk	ʃ iː k
EAH	šik	ʃ i k
H	šimå	ʃ i m ɒ
EAH	šima	ʃ i m a
H	šiō	ʃ i oː
EAH	šiu	ʃ i u
H	šēd	ʃ eː d
OH	šīd	ʃ iː d
H	šok	ʃ o k
H	šōlʹom	ʃ oː ʎ o m
OH	šolʹom	ʃ o ʎ o m
LAH	čawlim	t͡ʃ a w l i m
EAH	čavli	t͡ʃ a v l i
H	šom	ʃ o m
OH	šum	ʃ u m
EAH	čum	t͡ʃ u m
H	šomlʹō	ʃ o m ʎ oː
OH	šomlyō	ʃ o m j oː
EAH	šumluγ	ʃ u m l u ɣ
H	šör	ʃ ø r
OH	šer	ʃ ɛ r
EAH	šere	ʃ ɛ r ɛ
H	šȫreg	ʃ øː r ɛ ɡ
EAH	ševrege	ʃ ɛ v r ɛ ɡ ɛ
H	šüllȫ	ʃ y l l øː
OH	šilleü	ʃ i l l ɛ y
EAH	šilleγ	ʃ i l l ɛ ɣ
H	šüy	ʃ y j
OH	šǖlʹ	ʃ yː ʎ
EAH	šiγül	ʃ i ɣ y l
H	šǖrǖ	ʃ yː r yː
OH	šireü̯	ʃ i r ɛ ɥ
EAH	čireγ	t͡ʃ i r ɛ ɣ
H	šǖ	ʃ yː
OH	šiv	ʃ i v
EAH	siγ	s i ɣ
H	šüv	ʃ y v
H	sāgom	s aː ɡ o m
EAH	sagum	s a ɡ u m
H	såkå	s ɒ k ɒ
EAH	sakaγ	s a k a ɣ
H	såkāll	s ɒ k aː l l
EAH	sakal	s a k a l
H	sāl	s aː l
EAH	sal	s a l
H	sām	s aː m
EAH	sam	s a m
H	sān	s aː n
EAH	saγin	s a ɣ i n
H	sāndok	s aː n d o k
H	såpu	s ɒ p u
OH	sapū	s a p uː
LAH	sapau̯	s a p a w
EAH	sapaγ	s a p a ɣ
H	sār	s aː r
EAH	sar	s a r
H	sārń	s aː r ɲ
EAH	śārn	s aː r n
H	såtōč	s ɒ t oː t͡ʃ
OH	satōč	s a t oː t͡ʃ
LAH	satiwči	s a t i w t͡ʃ i
EAH	satiγči	s a t i ɣ t͡ʃ i
H	sēk	s eː k
EAH	sekü	s ɛ k y
H	sēl	s eː l
H	sender	s ɛ n d ɛ r
EAH	sen	s ɛ n
EAH	sön	s ø n
H	söndör	s ø n d ø r
H	sēp	s eː p
EAH	sip	s i p
H	seplȫ	s ɛ p l øː
EAH	sepleγ	s ɛ p l ɛ ɣ
H	ser	s ɛ r
EAH	śer	s ɛ r
H	ses	s ɛ s
EAH	sis	s i s
H	sīn	s iː n
EAH	sin	s i n
H	siroń	s i r o ɲ
OH	siron	s i r o n
LAH	sirum	s i r u m
EAH	siyrum	s i j r u m
OH	sirom	s i r o m
H	sirt	s i r t
H	sō	s oː
EAH	saw	s a w
H	songor	s o n ɡ o r
EAH	sonkor	s o n k o r
H	sōr	s oː r
EAH	sawur	s a w u r
H	söčke	s ø t͡ʃ k ɛ
OH	sökče	s ø k t͡ʃ ɛ
LAH	sökśȫ	s ø k s øː
EAH	sek	s ɛ k
H	sökik	s ø k i k
OH	sök	s ø k
H	sȫlȫ	s øː l øː
OH	selleγ	s ɛ l l ɛ ɣ
EAH	śeleγ	s ɛ l ɛ ɣ
OH	seleγ	s ɛ l ɛ ɣ
H	söllȫ	s ø l l øː
H	sūńog	s uː ɲ o ɡ
OH	sunug	s u n u ɡ
EAH	sinuk	s i n u k
H	sǖč	s yː t͡ʃ
OH	seü̯či	s ɛ ɥ t͡ʃ i
LAH	siwči	s i w t͡ʃ i
EAH	śiγči	s i ɣ t͡ʃ i
H	szǖnik	s yː n i k
OH	sün	s y n
H	sǖr	s yː r
EAH	sür	s y r
H	sǖz	s yː z
OH	süz	s y z
EAH	süzök	s y z ø k
H	tāltoš	t aː l t o ʃ
OH	taltuš	t a l t u ʃ
EAH	taltuči	t a l t u t͡ʃ i
H	tånāč	t ɒ n aː t͡ʃ
EAH	tanilč	t a n i l t͡ʃ
H	tånū	t ɒ n uː
EAH	tanu	t a n u
H	tāplāl	t aː p l aː l
OH	tāplā	t aː p l aː
EAH	taplaγ	t a p l a ɣ
H	tåplō	t ɒ p l oː
OH	tåplou̯	t ɒ p l o w
LAH	toplau̯	t o p l a w
EAH	topluγ	t o p l u ɣ
H	tår	t ɒ r
EAH	tar	t a r
H	tār	t aː r
EAH	tavar	t a v a r
H	tårlō	t ɒ r l oː
EAH	tarlaγ	t a r l a ɣ
H	tårt	t ɒ r t
EAH	tart	t a r t
H	tåtār	t ɒ t aː r
EAH	tatar	t a t a r
H	tātoryān	t aː t o r j aː n
OH	tāturyan	t aː t u r j a n
EAH	taturγan	t a t u r ɣ a n
H	teker	t ɛ k ɛ r
H	teknȫ	t ɛ k n øː
OH	tekenȫ	t ɛ k ɛ n øː
EAH	tekeneγ	t ɛ k ɛ n ɛ ɣ
H	telek	t ɛ l ɛ k
EAH	telük	t ɛ l y k
H	tengȫdik	t ɛ n ɡ øː d i k
OH	teng	t ɛ n ɡ
H	tengelʹ	t ɛ n ɡ ɛ ʎ
EAH	tengel	t ɛ n ɡ ɛ l
H	tenger	t ɛ n ɡ ɛ r
EAH	teŋir	t ɛ ŋ i r
H	tērül	t eː r y l
OH	tēr	t eː r
EAH	tevir	t ɛ v i r
H	tērīt	t eː r iː t
H	tērd	t eː r d
EAH	tīr	t iː r
H	terem	t ɛ r ɛ m
H	teve	t ɛ v ɛ
H	tilō	t i l oː
OH	talō	t a l oː
EAH	talkiγ	t a l k i ɣ
H	tinō	t i n oː
EAH	tana	t a n a
H	toyik	t o j i k
OH	tuik	t u i k
LAH	tuγik	t u ɣ i k
EAH	tuγ	t u ɣ
H	tok	t o k
EAH	toku	t o k u
H	toklʹō	t o k ʎ oː
OH	toklʹu	t o k ʎ u
EAH	toklu	t o k l u
H	tolmāč	t o l m aː t͡ʃ
EAH	tolmač	t o l m a t͡ʃ
H	tormå	t o r m ɒ
EAH	turma	t u r m a
H	torlōdik	t o r l oː d i k
OH	torol	t o r o l
LAH	toro	t o r o
H	torlik	t o r l i k
H	torontāl	t o r o n t aː l
OH	turuntalʹ	t u r u n t a ʎ
EAH	turuntay	t u r u n t a j
H	tōt	t oː t
OH	tat	t a t
EAH	tāt	t aː t
H	tökēleteš	t ø k eː l ɛ t ɛ ʃ
OH	tökēl	t ø k eː l
LAH	tökē	t ø k eː
EAH	tüke	t y k ɛ
H	tömēntelen	t ø m eː n t ɛ l ɛ n
OH	tömēń	t ø m eː ɲ
EAH	tümen	t y m ɛ n
H	tör	t ø r
OH	tȫr	t øː r
LAH	tǖr	t yː r
EAH	tüγür	t y ɣ y r
H	török	t ø r ø k
OH	türük	t y r y k
LAH	türk	t y r k
EAH	türkü	t y r k y
H	törtēnik	t ø r t eː n i k
OH	törtēn	t ø r t eː n
EAH	törtün	t ø r t y n
H	törvēń	t ø r v eː ɲ
OH	türven	t y r v ɛ n
LAH	türγen	t y r ɣ ɛ n
EAH	türüγen	t y r y ɣ ɛ n
H	tȫzeg	t øː z ɛ ɡ
EAH	tözek	t ø z ɛ k
H	tulok	t u l o k
EAH	tukol	t u k o l
H	tūrō	t uː r oː
OH	turō	t u r oː
EAH	toraγ	t o r a ɣ
H	turul	t u r u l
OH	tūrul	t uː r u l
EAH	tuγrïl	t u ɣ r ɯ l
H	tūzok	t uː z o k
EAH	toγzak	t o ɣ z a k
H	tükör	t y k ø r
EAH	tiker	t i k ɛ r
EAH	tüker	t y k ɛ r
EAH	tür	t y r
H	tʹūk	c uː k
OH	tiuk	t i u k
LAH	tiwuk	t i w u k
EAH	tiγuk	t i ɣ u k
H	ug	u ɡ
EAH	ugu	u ɡ u
H	ūr	uː r
EAH	uri	u r i
H	üdül	y d y l
OH	idül	i d y l
LAH	edül	ɛ d y l
EAH	edü	ɛ d y
H	ünnep	y n n ɛ p
OH	üdnep	y d n ɛ p
LAH	idnep	i d n ɛ p
EAH	idnap	i d n a p
H	ünȫ	y n øː
OH	inȫ	i n øː
LAH	ineü	i n ɛ y
H	irge	i r ɡ ɛ
EAH	ürge	y r ɡ ɛ
H	üröm	y r ø m
OH	ürim	y r i m
EAH	erim	ɛ r i m
OH	irim	i r i m
H	ürü	y r y
OH	irǖ	i r yː
EAH	iriγ	i r i ɣ
H	üsök	y s ø k
EAH	isüg	i s y ɡ
H	üsög	y s ø ɡ
H	üveč	y v ɛ t͡ʃ
EAH	öveč	ø v ɛ t͡ʃ
H	vāy	v aː j
EAH	vay	v a j
H	vālʹū	v aː ʎ uː
OH	valʹū	v a ʎ uː
LAH	vālū	v aː l uː
EAH	valaγ	v a l a ɣ
H	veyse	v ɛ j s ɛ
EAH	veyseγ	v ɛ j s ɛ ɣ
H	lēk	l eː k
EAH	vekü	v ɛ k y
H	vēk	v eː k
H	vendēg	v ɛ n d eː ɡ
EAH	vendeg	v ɛ n d ɛ ɡ
H	ver	v ɛ r
H	vērtelek	v eː r t ɛ l ɛ k
EAH	vertelük	v ɛ r t ɛ l y k
H	zerge	z ɛ r ɡ ɛ
EAH	serge	s ɛ r ɡ ɛ
