ID,Target_Form_ID,Source_Form_ID,Comment,Source
1-1_cannoncatapult,EAH-1_cannoncatapult-1,WOT-1_cannoncatapult-1,,wot
2-2_tofondlepetcaress,EAH-2_tofondlepetcaress-1,WOT-2_tofondlepetcaress-1,,wot
3-7_falseimitation,EAH-7_falseimitation-1,WOT-7_falseimitation-1,,wot
4-11_piedofananimalscoat,EAH-11_piedofananimalscoat-1,WOT-11_piedofananimalscoat-1,,wot
5-11_piedofananimalscoat,EAH-11_piedofananimalscoat-2,WOT-11_piedofananimalscoat-2,,wot
6-11_piedofananimalscoat,EAH-11_piedofananimalscoat-3,WOT-11_piedofananimalscoat-3,,wot
7-11_piedofananimalscoat,EAH-11_piedofananimalscoat-4,WOT-11_piedofananimalscoat-4,,wot
8-12_apple,EAH-12_apple-1,WOT-12_apple-1,,wot
9-14_barrelwoodencontainerandstandardquantity,EAH-14_barrelwoodencontainerandstandardquantity-1,WOT-14_barrelwoodencontainerandstandardquantity-1,,wot
10-14_barrelwoodencontainerandstandardquantity,EAH-14_barrelwoodencontainerandstandardquantity-2,WOT-14_barrelwoodencontainerandstandardquantity-2,,wot
11-15_tonursetakecareof,EAH-15_tonursetakecareof-1,WOT-15_tonursetakecareof-1,,wot
12-16_todecayputrifyturnstale,EAH-16_todecayputrifyturnstale-1,WOT-16_todecayputrifyturnstale-1,,wot
13-17_smalltiny,EAH-17_smalltiny-1,WOT-17_smalltiny-1,,wot
14-19_tomow,EAH-19_tomow-1,WOT-19_tomow-1,,wot
15-19_tomow,EAH-19_tomow-2,WOT-19_tomow-2,,wot
16-20_todecayputrefygobadoffoodwater,EAH-20_todecayputrefygobadoffoodwater-1,WOT-20_todecayputrefygobadoffoodwater-1,,wot
17-21_toharm,EAH-21_toharm-1,WOT-21_toharm-1,,wot
18-22_atypeoflasso,EAH-22_atypeoflasso-1,WOT-22_atypeoflasso-1,,wot
19-23_ditchcanal,EAH-23_ditchcanal-1,WOT-23_ditchcanal-1,,wot
20-24_barleyhordeum,EAH-24_barleyhordeum-1,WOT-24_barleyhordeum-1,,wot
21-25_barrow,EAH-25_barrow-1,WOT-25_barrow-1,,wot
22-26_gauntrygantryforsupportingbarrels,EAH-26_gauntrygantryforsupportingbarrels-1,WOT-26_gauntrygantryforsupportingbarrels-1,,wot
23-27_charm,EAH-27_charm-1,WOT-27_charm-1,,wot
24-28_soggyplacemoorswampmarsh,EAH-28_soggyplacemoorswampmarsh-1,WOT-28_soggyplacemoorswampmarsh-1,,wot
25-29_hatchetaxe,EAH-29_hatchetaxe-1,WOT-29_hatchetaxe-1,,wot
26-30_paganidolstoneorwoodenpillarverticalbeamofdifferentwoodeninstrumentsstrongcorpulentperson,EAH-30_paganidolstoneorwoodenpillarverticalbeamofdifferentwoodeninstrumentsstrongcorpulentperson-1,WOT-30_paganidolstoneorwoodenpillarverticalbeamofdifferentwoodeninstrumentsstrongcorpulentperson-1,,wot
27-32_toregrettobesorry,EAH-32_toregrettobesorry-1,WOT-32_toregrettobesorry-1,,wot
28-33_hairybushyofdogsabighairydogasnoun,EAH-33_hairybushyofdogsabighairydogasnoun-1,WOT-33_hairybushyofdogsabighairydogasnoun-1,,wot
29-34_labeltag,EAH-34_labeltag-1,WOT-34_labeltag-1,,wot
30-35_cattlelivestock,EAH-35_cattlelivestock-1,WOT-35_cattlelivestock-1,,wot
31-36_velvet,EAH-36_velvet-1,WOT-36_velvet-1,,wot
32-37_tofuck,EAH-37_tofuck-1,WOT-37_tofuck-1,,wot
33-38_courageousbravevaliant,EAH-38_courageousbravevaliant-1,WOT-38_courageousbravevaliant-1,,wot
34-39_frog,EAH-39_frog-1,WOT-39_frog-1,,wot
35-41_hobbleshacklelegiron,EAH-41_hobbleshacklelegiron-1,WOT-41_hobbleshacklelegiron-1,,wot
36-41_hobbleshacklelegiron,EAH-41_hobbleshacklelegiron-2,WOT-41_hobbleshacklelegiron-2,,wot
37-42_stampbondmark,EAH-42_stampbondmark-1,WOT-42_stampbondmark-1,,wot
38-43_wagerent,EAH-43_wagerent-1,WOT-43_wagerent-1,,wot
39-45_togive,EAH-45_togive-1,WOT-45_togive-1,,wot
40-45_togive,EAH-45_togive-2,WOT-45_togive-2,,wot
41-46_grainorsmallglobuleofpreciousmetal,EAH-46_grainorsmallglobuleofpreciousmetal-1,WOT-46_grainorsmallglobuleofpreciousmetal-1,,wot
42-47_abirdofprey,EAH-47_abirdofprey-1,WOT-47_abirdofprey-1,,wot
43-48_pechenegnameofatribe,EAH-48_pechenegnameofatribe-1,WOT-48_pechenegnameofatribe-1,,wot
44-49_letterofthealphabet,EAH-49_letterofthealphabet-1,WOT-49_letterofthealphabet-1,,wot
45-52_pocketknife,EAH-52_pocketknife-1,WOT-52_pocketknife-1,,wot
46-52_pocketknife,EAH-52_pocketknife-2,WOT-52_pocketknife-2,,wot
47-52_pocketknife,EAH-52_pocketknife-3,WOT-52_pocketknife-3,,wot
48-53_bull,EAH-53_bull-1,WOT-53_bull-1,,wot
49-54_shackles,EAH-54_shackles-1,WOT-54_shackles-1,,wot
50-55_judge,EAH-55_judge-1,WOT-55_judge-1,,wot
51-56_tobeforgivenbocsanat,EAH-56_tobeforgivenbocsanat-1,WOT-56_tobeforgivenbocsanat-1,,wot
52-57_toforgive,EAH-57_toforgive-1,WOT-57_toforgive-1,,wot
53-58_bucklerwithhandlehandleofdifferentarms,EAH-58_bucklerwithhandlehandleofdifferentarms-1,WOT-58_bucklerwithhandlehandleofdifferentarms-1,,wot
54-59_knotbend,EAH-59_knotbend-1,WOT-59_knotbend-1,,wot
55-60_stackofhay,EAH-60_stackofhay-1,WOT-60_stackofhay-1,,wot
56-61_tasselfringetuftnode,EAH-61_tasselfringetuftnode-1,WOT-61_tasselfringetuftnode-1,,wot
57-62_burdockarctiumsp,EAH-62_burdockarctiumsp-1,WOT-62_burdockarctiumsp-1,,wot
58-63_ankle,EAH-63_ankle-1,WOT-63_ankle-1,,wot
59-65_ankleboot,EAH-65_ankleboot-1,WOT-65_ankleboot-1,,wot
60-65_ankleboot,EAH-65_ankleboot-2,WOT-65_ankleboot-2,,wot
61-66_anthill,EAH-66_anthill-1,WOT-66_anthill-1,,wot
62-67_wine,EAH-67_wine-1,WOT-67_wine-1,,wot
63-69_tocovertooverturn,EAH-69_tocovertooverturn-1,WOT-69_tocovertooverturn-1,,wot
64-69_tocovertooverturn,EAH-69_tocovertooverturn-2,WOT-69_tocovertooverturn-2,,wot
65-70_calf,EAH-70_calf-1,WOT-70_calf-1,,wot
66-71_pepper,EAH-71_pepper-1,WOT-71_pepper-1,,wot
67-72_peapisumsativumbean,EAH-72_peapisumsativumbean-1,WOT-72_peapisumsativumbean-1,,wot
68-73_badgermelesmeles,EAH-73_badgermelesmeles-1,WOT-73_badgermelesmeles-1,,wot
69-74_witchsorceress,EAH-74_witchsorceress-1,WOT-74_witchsorceress-1,,wot
70-75_toannoy,EAH-75_toannoy-1,WOT-75_toannoy-1,,wot
71-76_revenge,EAH-76_revenge-1,WOT-76_revenge-1,,wot
72-80_stickcane,EAH-80_stickcane-1,WOT-80_stickcane-1,,wot
73-80_stickcane,EAH-80_stickcane-2,WOT-80_stickcane-2,,wot
74-80_stickcane,EAH-80_stickcane-3,WOT-80_stickcane-3,,wot
75-80_stickcane,EAH-80_stickcane-4,WOT-80_stickcane-4,,wot
76-81_akindofbeeralcoholicbeverage,EAH-81_akindofbeeralcoholicbeverage-1,WOT-81_akindofbeeralcoholicbeverage-1,,wot
77-82_richabundantroomy,EAH-82_richabundantroomy-1,WOT-82_richabundantroomy-1,,wot
78-83_horseflygadfly,EAH-83_horseflygadfly-1,WOT-83_horseflygadfly-1,,wot
79-84_fasting,EAH-84_fasting-1,WOT-84_fasting-1,,wot
80-85_wise,EAH-85_wise-1,WOT-85_wise-1,,wot
81-86_cradle,EAH-86_cradle-1,WOT-86_cradle-1,,wot
82-87_bison,EAH-87_bison-1,WOT-87_bison-1,,wot
83-88_prisonjail,EAH-88_prisonjail-1,WOT-88_prisonjail-1,,wot
84-89_sadbadtempered,EAH-89_sadbadtempered-1,WOT-89_sadbadtempered-1,,wot
85-90_farewellindulgencededicationfestivalannualparishfeast,EAH-90_farewellindulgencededicationfestivalannualparishfeast-1,WOT-90_farewellindulgencededicationfestivalannualparishfeast-1,,wot
86-91_oxalsooxgoatramwithoutorwithsmallorunusualhornsstupid,EAH-91_oxalsooxgoatramwithoutorwithsmallorunusualhornsstupid-1,WOT-91_oxalsooxgoatramwithoutorwithsmallorunusualhornsstupid-1,,wot
87-92_volgabulgar,EAH-92_volgabulgar-1,WOT-92_volgabulgar-1,,wot
88-93_steamvapourfumesheat,EAH-93_steamvapourfumesheat-1,WOT-93_steamvapourfumesheat-1,,wot
89-94_wheattriticum,EAH-94_wheattriticum-1,WOT-94_wheattriticum-1,,wot
90-95_clubmacereedmace,EAH-95_clubmacereedmace-1,WOT-95_clubmacereedmace-1,,wot
91-96_beech,EAH-96_beech-1,WOT-96_beech-1,,wot
92-97_sin,EAH-97_sin-1,WOT-97_sin-1,,wot
93-98_bluntendofsomethingarodwithanendcutobtuseendofafieldstriptheshortersideorendofapieceoffurniturefootofthehill,EAH-98_bluntendofsomethingarodwithanendcutobtuseendofafieldstriptheshortersideorendofapieceoffurniturefootofthehill-1,WOT-98_bluntendofsomethingarodwithanendcutobtuseendofafieldstriptheshortersideorendofapieceoffurniturefootofthehill-1,,wot
94-99_magical,EAH-99_magical-1,WOT-99_magical-1,,wot
95-100_akindofwillowsalixelgnos,EAH-100_akindofwillowsalixelgnos-1,WOT-100_akindofwillowsalixelgnos-1,,wot
96-104_trapsnareforcatchingbirdsbirdcage,EAH-104_trapsnareforcatchingbirdsbirdcage-1,WOT-104_trapsnareforcatchingbirdsbirdcage-1,,wot
97-104_trapsnareforcatchingbirdsbirdcage,EAH-104_trapsnareforcatchingbirdsbirdcage-2,WOT-104_trapsnareforcatchingbirdsbirdcage-2,,wot
98-104_trapsnareforcatchingbirdsbirdcage,EAH-104_trapsnareforcatchingbirdsbirdcage-3,WOT-104_trapsnareforcatchingbirdsbirdcage-3,,wot
99-104_trapsnareforcatchingbirdsbirdcage,EAH-104_trapsnareforcatchingbirdsbirdcage-4,WOT-104_trapsnareforcatchingbirdsbirdcage-4,,wot
100-105_akindofwillowusedforbasketsandinviticulturesalixpurpurea,EAH-105_akindofwillowusedforbasketsandinviticulturesalixpurpurea-1,WOT-105_akindofwillowusedforbasketsandinviticulturesalixpurpurea-1,,wot
101-106_akindofwillow,EAH-106_akindofwillow-1,WOT-106_akindofwillow-1,,wot
102-110_akindofwolfsmilkeasterflowereuphorbia,EAH-110_akindofwolfsmilkeasterflowereuphorbia-1,WOT-110_akindofwolfsmilkeasterflowereuphorbia-1,,wot
103-110_akindofwolfsmilkeasterflowereuphorbia,EAH-110_akindofwolfsmilkeasterflowereuphorbia-2,WOT-110_akindofwolfsmilkeasterflowereuphorbia-2,,wot
104-110_akindofwolfsmilkeasterflowereuphorbia,EAH-110_akindofwolfsmilkeasterflowereuphorbia-3,WOT-110_akindofwolfsmilkeasterflowereuphorbia-3,,wot
105-110_akindofwolfsmilkeasterflowereuphorbia,EAH-110_akindofwolfsmilkeasterflowereuphorbia-4,WOT-110_akindofwolfsmilkeasterflowereuphorbia-4,,wot
106-111_afishleuciscussouffiaagassizi,EAH-111_afishleuciscussouffiaagassizi-1,WOT-111_afishleuciscussouffiaagassizi-1,,wot
107-112_onlyjust,EAH-112_onlyjust-1,WOT-112_onlyjust-1,,wot
108-113_pickaxemaceasmallaxewarhammer,EAH-113_pickaxemaceasmallaxewarhammer-1,WOT-113_pickaxemaceasmallaxewarhammer-1,,wot
109-116_nettleurtica,EAH-116_nettleurtica-1,WOT-116_nettleurtica-1,,wot
110-116_nettleurtica,EAH-116_nettleurtica-2,WOT-116_nettleurtica-2,,wot
111-116_nettleurtica,EAH-116_nettleurtica-3,WOT-116_nettleurtica-3,,wot
112-117_thicketbrushwooddryfoliagegrovemeadow,EAH-117_thicketbrushwooddryfoliagegrovemeadow-1,WOT-117_thicketbrushwooddryfoliagegrovemeadow-1,,wot
113-118_thicketbrushwooddryfoliagegrovemeadow,EAH-118_thicketbrushwooddryfoliagegrovemeadow-1,WOT-118_thicketbrushwooddryfoliagegrovemeadow-1,,wot
114-119_silvercupwoodenladleearthenwarebowl,EAH-119_silvercupwoodenladleearthenwarebowl-1,WOT-119_silvercupwoodenladleearthenwarebowl-1,,wot
115-121_fightingtrooparmygroupbattlequarrelhubbubflock,EAH-121_fightingtrooparmygroupbattlequarrelhubbubflock-1,WOT-121_fightingtrooparmygroupbattlequarrelhubbubflock-1,,wot
116-121_fightingtrooparmygroupbattlequarrelhubbubflock,EAH-121_fightingtrooparmygroupbattlequarrelhubbubflock-2,WOT-121_fightingtrooparmygroupbattlequarrelhubbubflock-2,,wot
117-122_toaddtojointobuckleupsomething,EAH-122_toaddtojointobuckleupsomething-1,WOT-122_toaddtojointobuckleupsomething-1,,wot
118-123_clasp,EAH-123_clasp-1,WOT-123_clasp-1,,wot
119-125_measlesmallpoxpocksskineruptiondecorativeembroidery,EAH-125_measlesmallpoxpocksskineruptiondecorativeembroidery-1,WOT-125_measlesmallpoxpocksskineruptiondecorativeembroidery-1,,wot
120-125_measlesmallpoxpocksskineruptiondecorativeembroidery,EAH-125_measlesmallpoxpocksskineruptiondecorativeembroidery-2,WOT-125_measlesmallpoxpocksskineruptiondecorativeembroidery-2,,wot
121-126_tobindsomething,EAH-126_tobindsomething-1,WOT-126_tobindsomething-1,,wot
122-127_snailhelixsnailshellpulleyvertebra,EAH-127_snailhelixsnailshellpulleyvertebra-1,WOT-127_snailhelixsnailshellpulleyvertebra-1,,wot
123-129_awineoflowqualityafruitwine,EAH-129_awineoflowqualityafruitwine-1,WOT-129_awineoflowqualityafruitwine-1,,wot
124-129_awineoflowqualityafruitwine,EAH-129_awineoflowqualityafruitwine-2,WOT-129_awineoflowqualityafruitwine-2,,wot
125-130_secretionmucusdischargedfromtheeyes,EAH-130_secretionmucusdischargedfromtheeyes-1,WOT-130_secretionmucusdischargedfromtheeyes-1,,wot
126-131_squinteyedblindinoneeyeonearmedonelegged,EAH-131_squinteyedblindinoneeyeonearmedonelegged-1,WOT-131_squinteyedblindinoneeyeonearmedonelegged-1,,wot
127-132_acarpentersaxewithalonghelve,EAH-132_acarpentersaxewithalonghelve-1,WOT-132_acarpentersaxewithalonghelve-1,,wot
128-135_stallion,EAH-135_stallion-1,WOT-135_stallion-1,,wot
129-135_stallion,EAH-135_stallion-2,WOT-135_stallion-2,,wot
130-135_stallion,EAH-135_stallion-3,WOT-135_stallion-3,,wot
131-136_sexualorganoflargemaleanimalsofabullawhipmadefromit,EAH-136_sexualorganoflargemaleanimalsofabullawhipmadefromit-1,WOT-136_sexualorganoflargemaleanimalsofabullawhipmadefromit-1,,wot
132-137_feastchristeningfeastatbaptism,EAH-137_feastchristeningfeastatbaptism-1,WOT-137_feastchristeningfeastatbaptism-1,,wot
133-138_tobecomesmallerremainsmalltoswaytotottertosprain,EAH-138_tobecomesmallerremainsmalltoswaytotottertosprain-1,WOT-138_tobecomesmallerremainsmalltoswaytotottertosprain-1,,wot
134-139_stubborn,EAH-139_stubborn-1,WOT-139_stubborn-1,,wot
135-140_fieldguardheraldturkishenvoy,EAH-140_fieldguardheraldturkishenvoy-1,WOT-140_fieldguardheraldturkishenvoy-1,,wot
136-141_roughcoarseuglywildunbridled,EAH-141_roughcoarseuglywildunbridled-1,WOT-141_roughcoarseuglywildunbridled-1,,wot
137-142_towindtoturntodistrortmisinterprettospinayarn,EAH-142_towindtoturntodistrortmisinterprettospinayarn-1,WOT-142_towindtoturntodistrortmisinterprettospinayarn-1,,wot
138-143_bobbinspindle,EAH-143_bobbinspindle-1,WOT-143_bobbinspindle-1,,wot
139-144_excellentworthless,EAH-144_excellentworthless-1,WOT-144_excellentworthless-1,,wot
140-145_ashortfurcoat,EAH-145_ashortfurcoat-1,WOT-145_ashortfurcoat-1,,wot
141-147_gristgroatssofthail,EAH-147_gristgroatssofthail-1,WOT-147_gristgroatssofthail-1,,wot
142-147_gristgroatssofthail,EAH-147_gristgroatssofthail-2,WOT-147_gristgroatssofthail-2,,wot
143-151_noonsouth,EAH-151_noonsouth-1,WOT-151_noonsouth-1,,wot
144-151_noonsouth,EAH-151_noonsouth-2,WOT-151_noonsouth-2,,wot
145-151_noonsouth,EAH-151_noonsouth-3,WOT-151_noonsouth-3,,wot
146-151_noonsouth,EAH-151_noonsouth-4,WOT-151_noonsouth-4,,wot
147-153_nutwalnutjuglans,EAH-153_nutwalnutjuglans-1,WOT-153_nutwalnutjuglans-1,,wot
148-153_nutwalnutjuglans,EAH-153_nutwalnutjuglans-2,WOT-153_nutwalnutjuglans-2,,wot
149-154_pigsusdomestica,EAH-154_pigsusdomestica-1,WOT-154_pigsusdomestica-1,,wot
150-156_toleantoppleoverstreamdown,EAH-156_toleantoppleoverstreamdown-1,WOT-156_toleantoppleoverstreamdown-1,,wot
151-156_toleantoppleoverstreamdown,EAH-156_toleantoppleoverstreamdown-2,WOT-156_toleantoppleoverstreamdown-2,,wot
152-158_tosqueezetothrustinto,EAH-158_tosqueezetothrustinto-1,WOT-158_tosqueezetothrustinto-1,,wot
153-158_tosqueezetothrustinto,EAH-158_tosqueezetothrustinto-2,WOT-158_tosqueezetothrustinto-2,,wot
154-160_churchbuildingandorganisation,EAH-160_churchbuildingandorganisation-1,WOT-160_churchbuildingandorganisation-1,,wot
155-160_churchbuildingandorganisation,EAH-160_churchbuildingandorganisation-2,WOT-160_churchbuildingandorganisation-2,,wot
156-162_plough,EAH-162_plough-1,WOT-162_plough-1,,wot
157-163_toallowpermitconcedeyieldgiveway,EAH-163_toallowpermitconcedeyieldgiveway-1,WOT-163_toallowpermitconcedeyieldgiveway-1,,wot
158-164_topropitiate,EAH-164_topropitiate-1,WOT-164_topropitiate-1,,wot
159-165_communityworkinagricultureakindofcorvee,EAH-165_communityworkinagricultureakindofcorvee-1,WOT-165_communityworkinagricultureakindofcorvee-1,,wot
160-166_toarrivetoreachgetto,EAH-166_toarrivetoreachgetto-1,WOT-166_toarrivetoreachgetto-1,,wot
161-167_merit,EAH-167_merit-1,WOT-167_merit-1,,wot
162-168_moralsmorality,EAH-168_moralsmorality-1,WOT-168_moralsmorality-1,,wot
163-169_totirelosevitalityslackenrelax,EAH-169_totirelosevitalityslackenrelax-1,WOT-169_totirelosevitalityslackenrelax-1,,wot
164-170_strengthpower,EAH-170_strengthpower-1,WOT-170_strengthpower-1,,wot
165-172_oath,EAH-172_oath-1,WOT-172_oath-1,,wot
166-172_oath,EAH-172_oath-2,WOT-172_oath-2,,wot
167-173_reasonmind,EAH-173_reasonmind-1,WOT-173_reasonmind-1,,wot
168-175_rivernameofariver,EAH-175_rivernameofariver-1,WOT-175_rivernameofariver-1,,wot
169-175_rivernameofariver,EAH-175_rivernameofariver-2,WOT-175_rivernameofariver-2,,wot
170-203_weed,EAH-203_weed-1,WOT-203_weed-1,,wot
171-178_pelicanpelicanus,EAH-178_pelicanpelicanus-1,WOT-178_pelicanpelicanus-1,,wot
172-178_pelicanpelicanus,EAH-178_pelicanpelicanus-2,WOT-178_pelicanpelicanus-2,,wot
173-180_polecatputoriusfoetidus,EAH-180_polecatputoriusfoetidus-1,WOT-180_polecatputoriusfoetidus-1,,wot
174-180_polecatputoriusfoetidus,EAH-180_polecatputoriusfoetidus-2,WOT-180_polecatputoriusfoetidus-2,,wot
175-181_matchmaker,EAH-181_matchmaker-1,WOT-181_matchmaker-1,,wot
176-182_gleanermousemusspicilegus,EAH-182_gleanermousemusspicilegus-1,WOT-182_gleanermousemusspicilegus-1,,wot
177-183_toabusecalumniate,EAH-183_toabusecalumniate-1,WOT-183_toabusecalumniate-1,,wot
178-184_dragnetakindoffishingnet,EAH-184_dragnetakindoffishingnet-1,WOT-184_dragnetakindoffishingnet-1,,wot
179-185_suspicionmistrust,EAH-185_suspicionmistrust-1,WOT-185_suspicionmistrust-1,,wot
180-186_wool,EAH-186_wool-1,WOT-186_wool-1,,wot
181-187_cotton,EAH-187_cotton-1,WOT-187_cotton-1,,wot
182-189_toincreasetoputonweighttogrowstronger,EAH-189_toincreasetoputonweighttogrowstronger-1,WOT-189_toincreasetoputonweighttogrowstronger-1,,wot
183-189_toincreasetoputonweighttogrowstronger,EAH-189_toincreasetoputonweighttogrowstronger-2,WOT-189_toincreasetoputonweighttogrowstronger-2,,wot
184-190_poorfrailfeeble,EAH-190_poorfrailfeeble-1,WOT-190_poorfrailfeeble-1,,wot
185-191_toproducebuildfabricate,EAH-191_toproducebuildfabricate-1,WOT-191_toproducebuildfabricate-1,,wot
186-192_mourningbereavement,EAH-192_mourningbereavement-1,WOT-192_mourningbereavement-1,,wot
187-193_bulrushtyphalatifoliaangustifoliamattingmadeofbulrushes,EAH-193_bulrushtyphalatifoliaangustifoliamattingmadeofbulrushes-1,WOT-193_bulrushtyphalatifoliaangustifoliamattingmadeofbulrushes-1,,wot
188-194_weakfeeble,EAH-194_weakfeeble-1,WOT-194_weakfeeble-1,,wot
189-195_rein,EAH-195_rein-1,WOT-195_rein-1,,wot
190-196_borderlandhedge,EAH-196_borderlandhedge-1,WOT-196_borderlandhedge-1,,wot
191-197_lawngrassplot,EAH-197_lawngrassplot-1,WOT-197_lawngrassplot-1,,wot
192-199_child,EAH-199_child-1,WOT-199_child-1,,wot
193-199_child,EAH-199_child-2,WOT-199_child-2,,wot
194-200_candle,EAH-200_candle-1,WOT-200_candle-1,,wot
195-201_hornbeamcarpinusbetulus,EAH-201_hornbeamcarpinusbetulus-1,WOT-201_hornbeamcarpinusbetulus-1,,wot
196-202_murderkiller,EAH-202_murderkiller-1,WOT-202_murderkiller-1,,wot
197-203_weed,EAH-203_weed-2,WOT-203_weed-2,,wot
198-204_stomach,EAH-204_stomach-1,WOT-204_stomach-1,,wot
199-206_toconfesssins,EAH-206_toconfesssins-1,WOT-206_toconfesssins-1,,wot
200-206_toconfesssins,EAH-206_toconfesssins-2,WOT-206_toconfesssins-2,,wot
201-207_cudweedgnaphaliumedelweiss,EAH-207_cudweedgnaphaliumedelweiss-1,WOT-207_cudweedgnaphaliumedelweiss-1,,wot
202-208_pearl,EAH-208_pearl-1,WOT-208_pearl-1,,wot
203-209_totorturetomakesuffer,EAH-209_totorturetomakesuffer-1,WOT-209_totorturetomakesuffer-1,,wot
204-210_toconquersomebodysomethingtriumphoversomebodysomethinggainvictory,EAH-210_toconquersomebodysomethingtriumphoversomebodysomethinggainvictory-1,WOT-210_toconquersomebodysomethingtriumphoversomebodysomethinggainvictory-1,,wot
205-211_tocatchfirebekindledtobeignited,EAH-211_tocatchfirebekindledtobeignited-1,WOT-211_tocatchfirebekindledtobeignited-1,,wot
206-212_tokneadpug,EAH-212_tokneadpug-1,WOT-212_tokneadpug-1,,wot
207-213_toassemblegather,EAH-213_toassemblegather-1,WOT-213_toassemblegather-1,,wot
208-214_tocollectgathersomething,EAH-214_tocollectgathersomething-1,WOT-214_tocollectgathersomething-1,,wot
209-215_tohate,EAH-215_tohate-1,WOT-215_tohate-1,,wot
210-216_fruit,EAH-216_fruit-1,WOT-216_fruit-1,,wot
211-217_hawthornaplantsimilartothewhitethornorelder,EAH-217_hawthornaplantsimilartothewhitethornorelder-1,WOT-217_hawthornaplantsimilartothewhitethornorelder-1,,wot
212-218_akindoftreesimilartothemapleorcornelacertataricumcornussanguinea,EAH-218_akindoftreesimilartothemapleorcornelacertataricumcornussanguinea-1,WOT-218_akindoftreesimilartothemapleorcornelacertataricumcornussanguinea-1,,wot
213-219_ring,EAH-219_ring-1,WOT-219_ring-1,,wot
214-220_thimble,EAH-220_thimble-1,WOT-220_thimble-1,,wot
215-221_boatship,EAH-221_boatship-1,WOT-221_boatship-1,,wot
216-222_bell,EAH-222_bell-1,WOT-222_bell-1,,wot
217-223_hawk,EAH-223_hawk-1,WOT-223_hawk-1,,wot
218-224_sand,EAH-224_sand-1,WOT-224_sand-1,,wot
219-225_nooseloopsnare,EAH-225_nooseloopsnare-1,WOT-225_nooseloopsnare-1,,wot
220-226_timeweather,EAH-226_timeweather-1,WOT-226_timeweather-1,,wot
221-227_yesaffirmativeparticlevery,EAH-227_yesaffirmativeparticlevery-1,WOT-227_yesaffirmativeparticlevery-1,,wot
222-229_tobefrightenedtotakefright,EAH-229_tobefrightenedtotakefright-1,WOT-229_tobefrightenedtotakefright-1,,wot
223-229_tobefrightenedtotakefright,EAH-229_tobefrightenedtotakefright-2,WOT-229_tobefrightenedtotakefright-2,,wot
224-230_twin,EAH-230_twin-1,WOT-230_twin-1,,wot
225-231_properbehaviour,EAH-231_properbehaviour-1,WOT-231_properbehaviour-1,,wot
226-232_tosuitsomethingtobepropertofitinto,EAH-232_tosuitsomethingtobepropertofitinto-1,WOT-232_tosuitsomethingtobepropertofitinto-1,,wot
227-233_toadoreworship,EAH-233_toadoreworship-1,WOT-233_toadoreworship-1,,wot
228-234_shirt,EAH-234_shirt-1,WOT-234_shirt-1,,wot
229-235_towrite,EAH-235_towrite-1,WOT-235_towrite-1,,wot
230-236_buttermilk,EAH-236_buttermilk-1,WOT-236_buttermilk-1,,wot
231-237_toglowbehot,EAH-237_toglowbehot-1,WOT-237_toglowbehot-1,,wot
232-242_guidepilotconductorticketinspector,EAH-242_guidepilotconductorticketinspector-1,WOT-242_guidepilotconductorticketinspector-1,,wot
233-242_guidepilotconductorticketinspector,EAH-242_guidepilotconductorticketinspector-2,WOT-242_guidepilotconductorticketinspector-2,,wot
234-243_anethnicgroupofmuslimfaithinmediaevalhungary,EAH-243_anethnicgroupofmuslimfaithinmediaevalhungary-1,WOT-243_anethnicgroupofmuslimfaithinmediaevalhungary-1,,wot
235-246_awaterplantstratiotesaloides,EAH-246_awaterplantstratiotesaloides-1,WOT-246_awaterplantstratiotesaloides-1,,wot
236-246_awaterplantstratiotesaloides,EAH-246_awaterplantstratiotesaloides-2,WOT-246_awaterplantstratiotesaloides-2,,wot
237-246_awaterplantstratiotesaloides,EAH-246_awaterplantstratiotesaloides-3,WOT-246_awaterplantstratiotesaloides-3,,wot
238-250_saddlestrap,EAH-250_saddlestrap-1,WOT-250_saddlestrap-1,,wot
239-252_measles,EAH-252_measles-1,WOT-252_measles-1,,wot
240-253_trapsnare,EAH-253_trapsnare-1,WOT-253_trapsnare-1,,wot
241-254_gate,EAH-254_gate-1,WOT-254_gate-1,,wot
242-255_arm,EAH-255_arm-1,WOT-255_arm-1,,wot
243-257_manofgritstoutfellow,EAH-257_manofgritstoutfellow-1,WOT-257_manofgritstoutfellow-1,,wot
244-258_sheepfoldcattlegridstockyardayardencircledbyafenceshedforanimals,EAH-258_sheepfoldcattlegridstockyardayardencircledbyafenceshedforanimals-1,WOT-258_sheepfoldcattlegridstockyardayardencircledbyafenceshedforanimals-1,,wot
245-260_pinkseveralkindsofpinkdanthusdcaryophyllusseveralmembersofthecaryophillace,EAH-260_pinkseveralkindsofpinkdanthusdcaryophyllusseveralmembersofthecaryophillace-1,WOT-260_pinkseveralkindsofpinkdanthusdcaryophyllusseveralmembersofthecaryophillace-1,,wot
246-260_pinkseveralkindsofpinkdanthusdcaryophyllusseveralmembersofthecaryophillace,EAH-260_pinkseveralkindsofpinkdanthusdcaryophyllusseveralmembersofthecaryophillace-2,WOT-260_pinkseveralkindsofpinkdanthusdcaryophyllusseveralmembersofthecaryophillace-2,,wot
247-261_stakepalestick,EAH-261_stakepalestick-1,WOT-261_stakepalestick-1,,wot
248-262_afishingwaterbirdwithblackfeatherscormorantphalacrocoraxcarbo,EAH-262_afishingwaterbirdwithblackfeatherscormorantphalacrocoraxcarbo-1,WOT-262_afishingwaterbirdwithblackfeatherscormorantphalacrocoraxcarbo-1,,wot
249-263_sparrowhawkaccipiternnisus,EAH-263_sparrowhawkaccipiternnisus-1,WOT-263_sparrowhawkaccipiternnisus-1,,wot
250-264_chicorycichoriumspcichoriumintybus,EAH-264_chicorycichoriumspcichoriumintybus-1,WOT-264_chicorycichoriumspcichoriumintybus-1,,wot
251-265_anethnicnamekazar,EAH-265_anethnicnamekazar-1,WOT-265_anethnicnamekazar-1,,wot
252-267_goatcaprahircus,EAH-267_goatcaprahircus-1,WOT-267_goatcaprahircus-1,,wot
253-268_blue,EAH-268_blue-1,WOT-268_blue-1,,wot
254-269_trousseaudowrygiftgivenwiththebrideorbridegroom,EAH-269_trousseaudowrygiftgivenwiththebrideorbridegroom-1,WOT-269_trousseaudowrygiftgivenwiththebrideorbridegroom-1,,wot
255-270_hempcannabis,EAH-270_hempcannabis-1,WOT-270_hempcannabis-1,,wot
256-271_mercury,EAH-271_mercury-1,WOT-271_mercury-1,,wot
257-273_shockshooksheavesplacedcrosswisealsoaunitofgrainpaidorgiven,EAH-273_shockshooksheavesplacedcrosswisealsoaunitofgrainpaidorgiven-1,WOT-273_shockshooksheavesplacedcrosswisealsoaunitofgrainpaidorgiven-1,,wot
258-275_toruminateofbovines,EAH-275_toruminateofbovines-1,WOT-275_toruminateofbovines-1,,wot
259-276_cud,EAH-276_cud-1,WOT-276_cud-1,,wot
260-277_gardenplaceforanimals,EAH-277_gardenplaceforanimals-1,WOT-277_gardenplaceforanimals-1,,wot
261-278_vulturevultur,EAH-278_vulturevultur-1,WOT-278_vulturevultur-1,,wot
262-279_tobebecomelate,EAH-279_tobebecomelate-1,WOT-279_tobebecomelate-1,,wot
263-283_smalllittle,EAH-283_smalllittle-1,WOT-283_smalllittle-1,,wot
264-283_smalllittle,EAH-283_smalllittle-2,WOT-283_smalllittle-2,,wot
265-282_small,EAH-282_small-1,WOT-282_small-1,,wot
266-283_smalllittle,EAH-283_smalllittle-3,WOT-283_smalllittle-3,,wot
267-284_felt,EAH-284_felt-1,WOT-284_felt-1,,wot
268-285_wildmeadowsaffroncolchicumautumnalelionstoothtaraxacum,EAH-285_wildmeadowsaffroncolchicumautumnalelionstoothtaraxacum-1,WOT-285_wildmeadowsaffroncolchicumautumnalelionstoothtaraxacum-1,,wot
269-286_abirdsimilartoafalconakindofbirdofprey,EAH-286_abirdsimilartoafalconakindofbirdofprey-1,WOT-286_abirdsimilartoafalconakindofbirdofprey-1,,wot
270-287_pain,EAH-287_pain-1,WOT-287_pain-1,,wot
271-288_gourdcalabashlagenariavulgarisheadbillycockhat,EAH-288_gourdcalabashlagenariavulgarisheadbillycockhat-1,WOT-288_gourdcalabashlagenariavulgarisheadbillycockhat-1,,wot
272-289_lutecittern,EAH-289_lutecittern-1,WOT-289_lutecittern-1,,wot
273-290_tobegtomendicate,EAH-290_tobegtomendicate-1,WOT-290_tobegtomendicate-1,,wot
274-292_beggar,EAH-292_beggar-1,WOT-292_beggar-1,,wot
275-292_beggar,EAH-292_beggar-2,WOT-292_beggar-2,,wot
276-293_hopshumuluslupulus,EAH-293_hopshumuluslupulus-1,WOT-293_hopshumuluslupulus-1,,wot
277-294_timothygrassphleumphleumsp,EAH-294_timothygrassphleumphleumsp-1,WOT-294_timothygrassphleumphleumsp-1,,wot
278-295_akindofhungariansheepdog,EAH-295_akindofhungariansheepdog-1,WOT-295_akindofhungariansheepdog-1,,wot
279-296_gloomygravemorosesombredullcolourednotproperlycastrated,EAH-296_gloomygravemorosesombredullcolourednotproperlycastrated-1,WOT-296_gloomygravemorosesombredullcolourednotproperlycastrated-1,,wot
280-297_coffin,EAH-297_coffin-1,WOT-297_coffin-1,,wot
281-298_ageperiod,EAH-298_ageperiod-1,WOT-298_ageperiod-1,,wot
282-299_tombsmallhillelevateddryplaceinamarsh,EAH-299_tombsmallhillelevateddryplaceinamarsh-1,WOT-299_tombsmallhillelevateddryplaceinamarsh-1,,wot
283-300_drystalkofweed,EAH-300_drystalkofweed-1,WOT-300_drystalkofweed-1,,wot
284-301_soot,EAH-301_soot-1,WOT-301_soot-1,,wot
285-302_ram,EAH-302_ram-1,WOT-302_ram-1,,wot
286-303_burn,EAH-303_burn-1,WOT-303_burn-1,,wot
287-305_frocksheepskinwaistcoat,EAH-305_frocksheepskinwaistcoat-1,WOT-305_frocksheepskinwaistcoat-1,,wot
288-305_frocksheepskinwaistcoat,EAH-305_frocksheepskinwaistcoat-2,WOT-305_frocksheepskinwaistcoat-2,,wot
289-306_blackthornprunusspinosa,EAH-306_blackthornprunusspinosa-1,WOT-306_blackthornprunusspinosa-1,,wot
290-307_loan,EAH-307_loan-1,WOT-307_loan-1,,wot
291-308_thenavelvariouspartsofagriculturalandotherinstrumentsaroundwhichsomethingturnsorrotatesorwhichisinthecentre,EAH-308_thenavelvariouspartsofagriculturalandotherinstrumentsaroundwhichsomethingturnsorrotatesorwhichisinthecentre-1,WOT-308_thenavelvariouspartsofagriculturalandotherinstrumentsaroundwhichsomethingturnsorrotatesorwhichisinthecentre-1,,wot
292-309_youngofananimalkidpuppylad,EAH-309_youngofananimalkidpuppylad-1,WOT-309_youngofananimalkidpuppylad-1,,wot
293-310_pounderbeatersmallmortar,EAH-310_pounderbeatersmallmortar-1,WOT-310_pounderbeatersmallmortar-1,,wot
294-311_breaststrap,EAH-311_breaststrap-1,WOT-311_breaststrap-1,,wot
295-313_book,EAH-313_book-1,WOT-313_book-1,,wot
296-313_book,EAH-313_book-2,WOT-313_book-2,,wot
297-314_stumpyasmallthickman,EAH-314_stumpyasmallthickman-1,WOT-314_stumpyasmallthickman-1,,wot
298-315_akindofhungariansheepdogkomondor,EAH-315_akindofhungariansheepdogkomondor-1,WOT-315_akindofhungariansheepdogkomondor-1,,wot
299-316_cloakgownovercoat,EAH-316_cloakgownovercoat-1,WOT-316_cloakgownovercoat-1,,wot
300-317_churnbeehiveanythingwithahollowpartinwhichsomethingcanbefittedinatroughtrayforchannellingwaterthesameusedasasmallbridgethelatterintranslyvania,EAH-317_churnbeehiveanythingwithahollowpartinwhichsomethingcanbefittedinatroughtrayforchannellingwaterthesameusedasasmallbridgethelatterintranslyvania-1,WOT-317_churnbeehiveanythingwithahollowpartinwhichsomethingcanbefittedinatroughtrayforchannellingwaterthesameusedasasmallbridgethelatterintranslyvania-1,,wot
301-318_ashtreefraxinussp,EAH-318_ashtreefraxinussp-1,WOT-318_ashtreefraxinussp-1,,wot
302-319_mellowpowderycrumblyrottenmouldy,EAH-319_mellowpowderycrumblyrottenmouldy-1,WOT-319_mellowpowderycrumblyrottenmouldy-1,,wot
303-321_pearpyruscommunis,EAH-321_pearpyruscommunis-1,WOT-321_pearpyruscommunis-1,,wot
304-321_pearpyruscommunis,EAH-321_pearpyruscommunis-2,WOT-321_pearpyruscommunis-2,,wot
305-322_togreettothank,EAH-322_togreettothank-1,WOT-322_togreettothank-1,,wot
306-323_thecumanethnicgroupinhungary,EAH-323_thecumanethnicgroupinhungary-1,WOT-323_thecumanethnicgroupinhungary-1,,wot
307-324_akindofdogahungarianbreedofsheepdog,EAH-324_akindofdogahungarianbreedofsheepdog-1,WOT-324_akindofdogahungarianbreedofsheepdog-1,,wot
308-327_laughingbirdpicusviridis,EAH-327_laughingbirdpicusviridis-1,WOT-327_laughingbirdpicusviridis-1,,wot
309-326_afishlivingatthebottomoftherivergudgeongobiofluviatilis,EAH-326_afishlivingatthebottomoftherivergudgeongobiofluviatilis-1,WOT-326_afishlivingatthebottomoftherivergudgeongobiofluviatilis-1,,wot
310-327_laughingbirdpicusviridis,EAH-327_laughingbirdpicusviridis-2,WOT-327_laughingbirdpicusviridis-2,,wot
311-328_drysummerfograinbow,EAH-328_drysummerfograinbow-1,WOT-328_drysummerfograinbow-1,,wot
312-329_thenameofagroupofmilitarypeopleinhungarythecumanbodyguardtothehungarianking,EAH-329_thenameofagroupofmilitarypeopleinhungarythecumanbodyguardtothehungarianking-1,WOT-329_thenameofagroupofmilitarypeopleinhungarythecumanbodyguardtothehungarianking-1,,wot
313-330_chaffhuskswinnowingstailingsrefuseofgrain,EAH-330_chaffhuskswinnowingstailingsrefuseofgrain-1,WOT-330_chaffhuskswinnowingstailingsrefuseofgrain-1,,wot
314-331_causereason,EAH-331_causereason-1,WOT-331_causereason-1,,wot
315-332_toteach,EAH-332_toteach-1,WOT-332_toteach-1,,wot
316-333_stycattlepensheepfold,EAH-333_stycattlepensheepfold-1,WOT-333_stycattlepensheepfold-1,,wot
317-334_cheap,EAH-334_cheap-1,WOT-334_cheap-1,,wot
318-335_kidofagoat,EAH-335_kidofagoat-1,WOT-335_kidofagoat-1,,wot
319-336_spermseminalfluid,EAH-336_spermseminalfluid-1,WOT-336_spermseminalfluid-1,,wot
320-339_russian,EAH-339_russian-1,WOT-339_russian-1,,wot
321-340_lion,EAH-340_lion-1,WOT-340_lion-1,,wot
322-341_spindlewhorl,EAH-341_spindlewhorl-1,WOT-341_spindlewhorl-1,,wot
323-342_thief,EAH-342_thief-1,WOT-342_thief-1,,wot
324-343_physician,EAH-343_physician-1,WOT-343_physician-1,,wot
325-344_cuneinplayinostabla,EAH-344_cuneinplayinostabla-1,WOT-344_cuneinplayinostabla-1,,wot
326-345_ox,EAH-345_ox-1,WOT-345_ox-1,,wot
327-346_tostitchtoputonadress,EAH-346_tostitchtoputonadress-1,WOT-346_tostitchtoputonadress-1,,wot
328-347_hawkbuzzardbuteobuteo,EAH-347_hawkbuzzardbuteobuteo-1,WOT-347_hawkbuzzardbuteobuteo-1,,wot
329-348_totakeroottogrowstrongerplantanimal,EAH-348_totakeroottogrowstrongerplantanimal-1,WOT-348_totakeroottogrowstrongerplantanimal-1,,wot
330-349_togrindmill,EAH-349_togrindmill-1,WOT-349_togrindmill-1,,wot
331-350_millingproduct,EAH-350_millingproduct-1,WOT-350_millingproduct-1,,wot
332-351_armenian,EAH-351_armenian-1,WOT-351_armenian-1,,wot
333-352_eternal,EAH-352_eternal-1,WOT-352_eternal-1,,wot
334-353_torejoicetobeglad,EAH-353_torejoicetobeglad-1,WOT-353_torejoicetobeglad-1,,wot
335-354_tobecomemad,EAH-354_tobecomemad-1,WOT-354_tobecomemad-1,,wot
336-359_whirlpooleddy,EAH-359_whirlpooleddy-1,WOT-359_whirlpooleddy-1,,wot
337-359_whirlpooleddy,EAH-359_whirlpooleddy-2,WOT-359_whirlpooleddy-2,,wot
338-359_whirlpooleddy,EAH-359_whirlpooleddy-3,WOT-359_whirlpooleddy-3,,wot
339-359_whirlpooleddy,EAH-359_whirlpooleddy-4,WOT-359_whirlpooleddy-4,,wot
340-359_whirlpooleddy,EAH-359_whirlpooleddy-5,WOT-359_whirlpooleddy-5,,wot
341-360_flooddelugestream,EAH-360_flooddelugestream-1,WOT-360_flooddelugestream-1,,wot
342-362_cheese,EAH-362_cheese-1,WOT-362_cheese-1,,wot
343-362_cheese,EAH-362_cheese-2,WOT-362_cheese-2,,wot
344-363_mudmarsh,EAH-363_mudmarsh-1,WOT-363_mudmarsh-1,,wot
345-365_yellow,EAH-365_yellow-1,WOT-365_yellow-1,,wot
346-365_yellow,EAH-365_yellow-2,WOT-365_yellow-2,,wot
347-366_dragon,EAH-366_dragon-1,WOT-366_dragon-1,,wot
348-367_sickle,EAH-367_sickle-1,WOT-367_sickle-1,,wot
349-368_atypeofwildonionornithogalum,EAH-368_atypeofwildonionornithogalum-1,WOT-368_atypeofwildonionornithogalum-1,,wot
350-369_footwearsandals,EAH-369_footwearsandals-1,WOT-369_footwearsandals-1,,wot
351-370_tent,EAH-370_tent-1,WOT-370_tent-1,,wot
352-371_fastquick,EAH-371_fastquick-1,WOT-371_fastquick-1,,wot
353-372_tosweeptobroom,EAH-372_tosweeptobroom-1,WOT-372_tosweeptobroom-1,,wot
354-373_broom,EAH-373_broom-1,WOT-373_broom-1,,wot
355-375_draffleesdregsofwine,EAH-375_draffleesdregsofwine-1,WOT-375_draffleesdregsofwine-1,,wot
356-375_draffleesdregsofwine,EAH-375_draffleesdregsofwine-2,WOT-375_draffleesdregsofwine-2,,wot
357-376_toinjuretohurt,EAH-376_toinjuretohurt-1,WOT-376_toinjuretohurt-1,,wot
358-377_armytroopscrowd,EAH-377_armytroopscrowd-1,WOT-377_armytroopscrowd-1,,wot
359-378_anit,EAH-378_anit-1,WOT-378_anit-1,,wot
360-379_cupgoblet,EAH-379_cupgoblet-1,WOT-379_cupgoblet-1,,wot
361-380_alsoshortsheavesusedtostrengthenathatchedroof,EAH-380_alsoshortsheavesusedtostrengthenathatchedroof-1,WOT-380_alsoshortsheavesusedtostrengthenathatchedroof-1,,wot
362-381_evenflatopenwater,EAH-381_evenflatopenwater-1,WOT-381_evenflatopenwater-1,,wot
363-382_smoothsimit,EAH-382_smoothsimit-1,WOT-382_smoothsimit-1,,wot
364-383_runningwaterrunningchannelunderamill,EAH-383_runningwaterrunningchannelunderamill-1,WOT-383_runningwaterrunningchannelunderamill-1,,wot
365-384_springwellbrook,EAH-384_springwellbrook-1,WOT-384_springwellbrook-1,,wot
366-387_falcon,EAH-387_falcon-1,WOT-387_falcon-1,,wot
367-387_falcon,EAH-387_falcon-2,WOT-387_falcon-2,,wot
368-389_dogwoodtreecornelcornus,EAH-389_dogwoodtreecornelcornus-1,WOT-389_dogwoodtreecornelcornus-1,,wot
369-389_dogwoodtreecornelcornus,EAH-389_dogwoodtreecornelcornus-2,WOT-389_dogwoodtreecornelcornus-2,,wot
370-390_beer,EAH-390_beer-1,WOT-390_beer-1,,wot
371-391_sterletsturgeonacipenserstellatusruthenus,EAH-391_sterletsturgeonacipenserstellatusruthenus-1,WOT-391_sterletsturgeonacipenserstellatusruthenus-1,,wot
372-392_pikeperchzanderstizostedionlucioperca,EAH-392_pikeperchzanderstizostedionlucioperca-1,WOT-392_pikeperchzanderstizostedionlucioperca-1,,wot
373-393_scurvy,EAH-393_scurvy-1,WOT-393_scurvy-1,,wot
374-394_densethickofwoodsorsoup,EAH-394_densethickofwoodsorsoup-1,WOT-394_densethickofwoodsorsoup-1,,wot
375-396_brotherinlaw,EAH-396_brotherinlaw-1,WOT-396_brotherinlaw-1,,wot
376-396_brotherinlaw,EAH-396_brotherinlaw-2,WOT-396_brotherinlaw-2,,wot
377-397_mirage,EAH-397_mirage-1,WOT-397_mirage-1,,wot
378-398_uvulatherecurvedpointofafishinghookoralanceredwattleonachicken,EAH-398_uvulatherecurvedpointofafishinghookoralanceredwattleonachicken-1,WOT-398_uvulatherecurvedpointofafishinghookoralanceredwattleonachicken-1,,wot
379-399_beard,EAH-399_beard-1,WOT-399_beard-1,,wot
380-400_raft,EAH-400_raft-1,WOT-400_raft-1,,wot
381-401_number,EAH-401_number-1,WOT-401_number-1,,wot
382-402_tohavepityfortoregret,EAH-402_tohavepityfortoregret-1,WOT-402_tohavepityfortoregret-1,,wot
383-405_bucketwoodenpailwithahandle,EAH-405_bucketwoodenpailwithahandle-1,WOT-405_bucketwoodenpailwithahandle-1,,wot
384-406_lightcolouredyellowishpalepartlybald,EAH-406_lightcolouredyellowishpalepartlybald-1,WOT-406_lightcolouredyellowishpalepartlybald-1,,wot
385-407_wing,EAH-407_wing-1,WOT-407_wing-1,,wot
386-408_grocergrandhandler,EAH-408_grocergrandhandler-1,WOT-408_grocergrandhandler-1,,wot
387-409_chairseatbenchthrone,EAH-409_chairseatbenchthrone-1,WOT-409_chairseatbenchthrone-1,,wot
388-410_wind,EAH-410_wind-1,WOT-410_wind-1,,wot
389-418_toslumbertodoze,EAH-418_toslumbertodoze-1,WOT-418_toslumbertodoze-1,,wot
390-418_toslumbertodoze,EAH-418_toslumbertodoze-2,WOT-418_toslumbertodoze-2,,wot
391-418_toslumbertodoze,EAH-418_toslumbertodoze-3,WOT-418_toslumbertodoze-3,,wot
392-418_toslumbertodoze,EAH-418_toslumbertodoze-4,WOT-418_toslumbertodoze-4,,wot
393-418_toslumbertodoze,EAH-418_toslumbertodoze-5,WOT-418_toslumbertodoze-5,,wot
394-418_toslumbertodoze,EAH-418_toslumbertodoze-6,WOT-418_toslumbertodoze-6,,wot
395-418_toslumbertodoze,EAH-418_toslumbertodoze-7,WOT-418_toslumbertodoze-7,,wot
396-418_toslumbertodoze,EAH-418_toslumbertodoze-8,WOT-418_toslumbertodoze-8,,wot
397-419_beautiful,EAH-419_beautiful-1,WOT-419_beautiful-1,,wot
398-420_frecklesunspotstain,EAH-420_frecklesunspotstain-1,WOT-420_frecklesunspotstain-1,,wot
399-421_partofavillagestreetgroupofpeoplerowlineorder,EAH-421_partofavillagestreetgroupofpeoplerowlineorder-1,WOT-421_partofavillagestreetgroupofpeoplerowlineorder-1,,wot
400-422_fumesvapourspiritsalcoholhumours,EAH-422_fumesvapourspiritsalcoholhumours-1,WOT-422_fumesvapourspiritsalcoholhumours-1,,wot
401-423_colourfaceexternalappearancethebestpartofsomethingtheupperpartofsomething,EAH-423_colourfaceexternalappearancethebestpartofsomethingtheupperpartofsomething-1,WOT-423_colourfaceexternalappearancethebestpartofsomethingtheupperpartofsomething-1,,wot
402-425_thinhideropestrapusedforembroideryorasawhiprefrozenthinlayerafterthemeltingofsnow,EAH-425_thinhideropestrapusedforembroideryorasawhiprefrozenthinlayerafterthemeltingofsnow-1,WOT-425_thinhideropestrapusedforembroideryorasawhiprefrozenthinlayerafterthemeltingofsnow-1,,wot
403-425_thinhideropestrapusedforembroideryorasawhiprefrozenthinlayerafterthemeltingofsnow,EAH-425_thinhideropestrapusedforembroideryorasawhiprefrozenthinlayerafterthemeltingofsnow-2,WOT-425_thinhideropestrapusedforembroideryorasawhiprefrozenthinlayerafterthemeltingofsnow-2,,wot
404-427_word,EAH-427_word-1,WOT-427_word-1,,wot
405-428_akindoffalconpielfalcusgyrfalco,EAH-428_akindoffalconpielfalcusgyrfalco-1,WOT-428_akindoffalconpielfalcusgyrfalco-1,,wot
406-429_tospreadtoscattertowinnow,EAH-429_tospreadtoscattertowinnow-1,WOT-429_tospreadtoscattertowinnow-1,,wot
407-430_grasshopper,EAH-430_grasshopper-1,WOT-430_grasshopper-1,,wot
408-431_toleaptojumptoescapetoflee,EAH-431_toleaptojumptoescapetoflee-1,WOT-431_toleaptojumptoescapetoflee-1,,wot
409-435_grapewinegrapevitisvinifer,EAH-435_grapewinegrapevitisvinifer-1,WOT-435_grapewinegrapevitisvinifer-1,,wot
410-435_grapewinegrapevitisvinifer,EAH-435_grapewinegrapevitisvinifer-2,WOT-435_grapewinegrapevitisvinifer-2,,wot
411-435_grapewinegrapevitisvinifer,EAH-435_grapewinegrapevitisvinifer-3,WOT-435_grapewinegrapevitisvinifer-3,,wot
412-435_grapewinegrapevitisvinifer,EAH-435_grapewinegrapevitisvinifer-4,WOT-435_grapewinegrapevitisvinifer-4,,wot
413-436_mosquitognatculexpipens,EAH-436_mosquitognatculexpipens-1,WOT-436_mosquitognatculexpipens-1,,wot
414-437_furrier,EAH-437_furrier-1,WOT-437_furrier-1,,wot
415-438_toceasetostop,EAH-438_toceasetostop-1,WOT-438_toceasetostop-1,,wot
416-439_tostraintofilter,EAH-439_tostraintofilter-1,WOT-439_tostraintofilter-1,,wot
417-440_virginpure,EAH-440_virginpure-1,WOT-440_virginpure-1,,wot
418-441_sorcerermedicineman,EAH-441_sorcerermedicineman-1,WOT-441_sorcerermedicineman-1,,wot
419-442_advicecouncil,EAH-442_advicecouncil-1,WOT-442_advicecouncil-1,,wot
420-443_witness,EAH-443_witness-1,WOT-443_witness-1,,wot
421-444_tofeedtonourish,EAH-444_tofeedtonourish-1,WOT-444_tofeedtonourish-1,,wot
422-445_tindertinderfungusfomesfomentarius,EAH-445_tindertinderfungusfomesfomentarius-1,WOT-445_tindertinderfungusfomesfomentarius-1,,wot
423-446_bald,EAH-446_bald-1,WOT-446_bald-1,,wot
424-447_depottarhaz,EAH-447_depottarhaz-1,WOT-447_depottarhaz-1,,wot
425-448_ploughfieldarablefieldstubblefield,EAH-448_ploughfieldarablefieldstubblefield-1,WOT-448_ploughfieldarablefieldstubblefield-1,,wot
426-449_toholdcarrytolastvisszatart,EAH-449_toholdcarrytolastvisszatart-1,WOT-449_toholdcarrytolastvisszatart-1,,wot
427-450_tatar,EAH-450_tatar-1,WOT-450_tatar-1,,wot
428-452_nameofseveralkindsofplantseganemosphorosbuniasorientalisnapuscrambetataricastormwind,EAH-452_nameofseveralkindsofplantseganemosphorosbuniasorientalisnapuscrambetataricastormwind-1,WOT-452_nameofseveralkindsofplantseganemosphorosbuniasorientalisnapuscrambetataricastormwind-1,,wot
429-452_nameofseveralkindsofplantseganemosphorosbuniasorientalisnapuscrambetataricastormwind,EAH-452_nameofseveralkindsofplantseganemosphorosbuniasorientalisnapuscrambetataricastormwind-2,WOT-452_nameofseveralkindsofplantseganemosphorosbuniasorientalisnapuscrambetataricastormwind-2,,wot
430-453_towindsomethingroundtotwist,EAH-453_towindsomethingroundtotwist-1,WOT-453_towindsomethingroundtotwist-1,,wot
431-454_troughwashtubhutch,EAH-454_troughwashtubhutch-1,WOT-454_troughwashtubhutch-1,,wot
432-455_straponawhiporonakindofsandal,EAH-455_straponawhiporonakindofsandal-1,WOT-455_straponawhiporonakindofsandal-1,,wot
433-456_apieceoflandfieldparcelpatchahigherplacewhereanimalsrestandaccumulatedung,EAH-456_apieceoflandfieldparcelpatchahigherplacewhereanimalsrestandaccumulatedung-1,WOT-456_apieceoflandfieldparcelpatchahigherplacewhereanimalsrestandaccumulatedung-1,,wot
434-457_tovegetatetolingerinmisery,EAH-457_tovegetatetolingerinmisery-1,WOT-457_tovegetatetolingerinmisery-1,,wot
435-458_axle,EAH-458_axle-1,WOT-458_axle-1,,wot
436-459_sea,EAH-459_sea-1,WOT-459_sea-1,,wot
437-461_toturntochangetheoriginaldirection,EAH-461_toturntochangetheoriginaldirection-1,WOT-461_toturntochangetheoriginaldirection-1,,wot
438-461_toturntochangetheoriginaldirection,EAH-461_toturntochangetheoriginaldirection-2,WOT-461_toturntochangetheoriginaldirection-2,,wot
439-462_knee,EAH-462_knee-1,WOT-462_knee-1,,wot
440-463_hallchambergreatroom,EAH-463_hallchambergreatroom-1,WOT-463_hallchambergreatroom-1,,wot
441-464_camel,EAH-464_camel-1,WOT-464_camel-1,,wot
442-465_hempbreakerswinglescutch,EAH-465_hempbreakerswinglescutch-1,WOT-465_hempbreakerswinglescutch-1,,wot
443-466_steeryoungbullockox,EAH-466_steeryoungbullockox-1,WOT-466_steeryoungbullockox-1,,wot
444-468_tolayeggs,EAH-468_tolayeggs-1,WOT-468_tolayeggs-1,,wot
445-468_tolayeggs,EAH-468_tolayeggs-2,WOT-468_tolayeggs-2,,wot
446-469_sturgeonacipensersturio,EAH-469_sturgeonacipensersturio-1,WOT-469_sturgeonacipensersturio-1,,wot
447-470_oneyearoldlamb,EAH-470_oneyearoldlamb-1,WOT-470_oneyearoldlamb-1,,wot
448-471_interpreter,EAH-471_interpreter-1,WOT-471_interpreter-1,,wot
449-472_horseradisharmoraciarusticana,EAH-472_horseradisharmoraciarusticana-1,WOT-472_horseradisharmoraciarusticana-1,,wot
450-474_topileuptobecomeblocked,EAH-474_topileuptobecomeblocked-1,WOT-474_topileuptobecomeblocked-1,,wot
451-474_topileuptobecomeblocked,EAH-474_topileuptobecomeblocked-2,WOT-474_topileuptobecomeblocked-2,,wot
452-475_akindofsmallfalconfalcocolumbariusaescalon,EAH-475_akindofsmallfalconfalcocolumbariusaescalon-1,WOT-475_akindofsmallfalconfalcocolumbariusaescalon-1,,wot
453-476_slovak,EAH-476_slovak-1,WOT-476_slovak-1,,wot
454-477_perfect,EAH-477_perfect-1,WOT-477_perfect-1,,wot
455-478_innumerable,EAH-478_innumerable-1,WOT-478_innumerable-1,,wot
456-479_tobreakalsoeghempsaltpeppertoseparateintopiecestobreaktocrush,EAH-479_tobreakalsoeghempsaltpeppertoseparateintopiecestobreaktocrush-1,WOT-479_tobreakalsoeghempsaltpeppertoseparateintopiecestobreaktocrush-1,,wot
457-480_snaretrap,EAH-480_snaretrap-1,WOT-480_snaretrap-1,,wot
458-481_turkturkishturkicottoman,EAH-481_turkturkishturkicottoman-1,WOT-481_turkturkishturkicottoman-1,,wot
459-482_tohappentooccur,EAH-482_tohappentooccur-1,WOT-482_tohappentooccur-1,,wot
460-483_law,EAH-483_law-1,WOT-483_law-1,,wot
461-484_peatturfdrieddung,EAH-484_peatturfdrieddung-1,WOT-484_peatturfdrieddung-1,,wot
462-485_steeryoungbullockoxorcow,EAH-485_steeryoungbullockoxorcow-1,WOT-485_steeryoungbullockoxorcow-1,,wot
463-486_cottagecheesecheesecurds,EAH-486_cottagecheesecheesecurds-1,WOT-486_cottagecheesecheesecurds-1,,wot
464-487_thetotembirdofthearpaddynastyabirdofprey,EAH-487_thetotembirdofthearpaddynastyabirdofprey-1,WOT-487_thetotembirdofthearpaddynastyabirdofprey-1,,wot
465-488_bustardotis,EAH-488_bustardotis-1,WOT-488_bustardotis-1,,wot
466-492_mirror,EAH-492_mirror-1,WOT-492_mirror-1,,wot
467-492_mirror,EAH-492_mirror-2,WOT-492_mirror-2,,wot
468-492_mirror,EAH-492_mirror-3,WOT-492_mirror-3,,wot
469-492_mirror,EAH-492_mirror-4,WOT-492_mirror-4,,wot
470-493_toenduresufferbearstand,EAH-493_toenduresufferbearstand-1,WOT-493_toenduresufferbearstand-1,,wot
471-494_torollupascrolloronessleeves,EAH-494_torollupascrolloronessleeves-1,WOT-494_torollupascrolloronessleeves-1,,wot
472-495_hen,EAH-495_hen-1,WOT-495_hen-1,,wot
473-496_owlstrix,EAH-496_owlstrix-1,WOT-496_owlstrix-1,,wot
474-497_gentlemanlordsirhighdignitylordalsoofakingorofgod,EAH-497_gentlemanlordsirhighdignitylordalsoofakingorofgod-1,WOT-497_gentlemanlordsirhighdignitylordalsoofakingorofgod-1,,wot
475-498_torefreshoneselftoresttobecomecured,EAH-498_torefreshoneselftoresttobecomecured-1,WOT-498_torefreshoneselftoresttobecomecured-1,,wot
476-499_feastunnepnap,EAH-499_feastunnepnap-1,WOT-499_feastunnepnap-1,,wot
477-500_heiferroedoe,EAH-500_heiferroedoe-1,WOT-500_heiferroedoe-1,,wot
478-502_groundsquirrelcitelluscitellus,EAH-502_groundsquirrelcitelluscitellus-1,WOT-502_groundsquirrelcitelluscitellus-1,,wot
479-502_groundsquirrelcitelluscitellus,EAH-502_groundsquirrelcitelluscitellus-2,WOT-502_groundsquirrelcitelluscitellus-2,,wot
480-504_wormwoodartemisiabitterness,EAH-504_wormwoodartemisiabitterness-1,WOT-504_wormwoodartemisiabitterness-1,,wot
481-504_wormwoodartemisiabitterness,EAH-504_wormwoodartemisiabitterness-2,WOT-504_wormwoodartemisiabitterness-2,,wot
482-505_wethersheep,EAH-505_wethersheep-1,WOT-505_wethersheep-1,,wot
483-507_hotembersextinguishedembers,EAH-507_hotembersextinguishedembers-1,WOT-507_hotembersextinguishedembers-1,,wot
484-507_hotembersextinguishedembers,EAH-507_hotembersextinguishedembers-2,WOT-507_hotembersextinguishedembers-2,,wot
485-508_oneyearoldfemalesheep,EAH-508_oneyearoldfemalesheep-1,WOT-508_oneyearoldfemalesheep-1,,wot
486-509_tohollowouttoscoopout,EAH-509_tohollowouttoscoopout-1,WOT-509_tohollowouttoscoopout-1,,wot
487-510_troughtray,EAH-510_troughtray-1,WOT-510_troughtray-1,,wot
488-511_fishweir,EAH-511_fishweir-1,WOT-511_fishweir-1,,wot
489-513_aholeintheiceforfishing,EAH-513_aholeintheiceforfishing-1,WOT-513_aholeintheiceforfishing-1,,wot
490-513_aholeintheiceforfishing,EAH-513_aholeintheiceforfishing-2,WOT-513_aholeintheiceforfishing-2,,wot
491-514_guest,EAH-514_guest-1,WOT-514_guest-1,,wot
492-516_gablefrontispiece,EAH-516_gablefrontispiece-1,WOT-516_gablefrontispiece-1,,wot
493-517_chamoisrupicaprarupicapra,EAH-517_chamoisrupicaprarupicapra-1,WOT-517_chamoisrupicaprarupicapra-1,,wot
