ID,Form_ID,Form,Cognateset_ID,Doubt,Cognate_Detection_Method,Source,Alignment,Alignment_Method,Alignment_Source
H-1_cannoncatapult-1-1,H-1_cannoncatapult-1,ágyú,1,false,expert,wot,,,
OH-1_cannoncatapult-1-1,OH-1_cannoncatapult-1,āldʹū,2,false,expert,wot,,,
LAH-1_cannoncatapult-1-1,LAH-1_cannoncatapult-1,aldau̯,3,false,expert,wot,,,
EAH-1_cannoncatapult-1-1,EAH-1_cannoncatapult-1,aldaγ,4,false,expert,wot,,,
H-6_streamcurrent-1-1,H-6_streamcurrent-1,ákos,5,false,expert,wot,,,
H-6_streamcurrent-2-1,H-6_streamcurrent-2,áɡos,9,false,expert,wot,,,
H-7_falseimitation-1-1,H-7_falseimitation-1,ál,13,false,expert,wot,,,
EAH-7_falseimitation-1-1,EAH-7_falseimitation-1,āl,16,false,expert,wot,,,
H-11_piedofananimalscoat-1-1,H-11_piedofananimalscoat-1,alacs,17,false,expert,wot,,,
EAH-11_piedofananimalscoat-1-1,EAH-11_piedofananimalscoat-1,alač,20,false,expert,wot,,,
H-11_piedofananimalscoat-2-1,H-11_piedofananimalscoat-2,alacs,21,false,expert,wot,,,
EAH-11_piedofananimalscoat-2-1,EAH-11_piedofananimalscoat-2,alač,24,false,expert,wot,,,
H-14_barrelwoodencontainerandstandardquantity-1-1,H-14_barrelwoodencontainerandstandardquantity-1,általaɡ,25,false,expert,wot,,,
EAH-14_barrelwoodencontainerandstandardquantity-1-1,EAH-14_barrelwoodencontainerandstandardquantity-1,altalag,28,false,expert,wot,,,
H-15_tonursetakecareof-1-1,H-15_tonursetakecareof-1,ápol,29,false,expert,wot,,,
OH-15_tonursetakecareof-1-1,OH-15_tonursetakecareof-1,apol,30,false,expert,wot,,,
EAH-15_tonursetakecareof-1-1,EAH-15_tonursetakecareof-1,op,32,false,expert,wot,,,
H-17_smalltiny-1-1,H-17_smalltiny-1,apró,33,false,expert,wot,,,
OH-17_smalltiny-1-1,OH-17_smalltiny-1,oprau̯,34,false,expert,wot,,,
EAH-17_smalltiny-1-1,EAH-17_smalltiny-1,opuruγ,36,false,expert,wot,,,
H-19_tomow-1-1,H-19_tomow-1,arat,37,false,expert,wot,,,
EAH-19_tomow-1-1,EAH-19_tomow-1,orat,40,false,expert,wot,,,
H-21_toharm-1-1,H-21_toharm-1,árt,41,false,expert,wot,,,
EAH-21_toharm-1-1,EAH-21_toharm-1,ārtat,44,false,expert,wot,,,
H-23_ditchcanal-1-1,H-23_ditchcanal-1,árok,45,false,expert,wot,,,
EAH-23_ditchcanal-1-1,EAH-23_ditchcanal-1,āruk,48,false,expert,wot,,,
H-25_barrow-1-1,H-25_barrow-1,ártány,49,false,expert,wot,,,
EAH-25_barrow-1-1,EAH-25_barrow-1,aritan,52,false,expert,wot,,,
H-27_charm-1-1,H-27_charm-1,báj,53,false,expert,wot,,,
EAH-27_charm-1-1,EAH-27_charm-1,bay,56,false,expert,wot,,,
H-29_hatchetaxe-1-1,H-29_hatchetaxe-1,balta,57,false,expert,wot,,,
EAH-29_hatchetaxe-1-1,EAH-29_hatchetaxe-1,balta,60,false,expert,wot,,,
H-31_governorofcroatiagovernorofthesouthernmarches-1-1,H-31_governorofcroatiagovernorofthesouthernmarches-1,bán,61,false,expert,wot,,,
H-33_hairybushyofdogsabighairydogasnoun-1-1,H-33_hairybushyofdogsabighairydogasnoun-1,baráɡ,65,false,expert,wot,,,
EAH-33_hairybushyofdogsabighairydogasnoun-1-1,EAH-33_hairybushyofdogsabighairydogasnoun-1,barag,68,false,expert,wot,,,
H-35_cattlelivestock-1-1,H-35_cattlelivestock-1,barom,69,false,expert,wot,,,
EAH-35_cattlelivestock-1-1,EAH-35_cattlelivestock-1,barum,72,false,expert,wot,,,
H-37_tofuck-1-1,H-37_tofuck-1,baszik,73,false,expert,wot,,,
EAH-37_tofuck-1-1,EAH-37_tofuck-1,bas,76,false,expert,wot,,,
H-39_frog-1-1,H-39_frog-1,béka,77,false,expert,wot,,,
EAH-39_frog-1-1,EAH-39_frog-1,baka,80,false,expert,wot,,,
H-42_hobbleshacklelegiron-1-1,H-42_hobbleshacklelegiron-1,béklyó,81,false,expert,wot,,,
EAH-42_hobbleshacklelegiron-1-1,EAH-42_hobbleshacklelegiron-1,bikaγu,84,false,expert,wot,,,
H-43_stampbondmark-1-1,H-43_stampbondmark-1,bélyeɡ,85,false,expert,wot,,,
OH-43_stampbondmark-1-1,OH-43_stampbondmark-1,bēlʹeg,86,false,expert,wot,,,
EAH-43_stampbondmark-1-1,EAH-43_stampbondmark-1,beleg,88,false,expert,wot,,,
H-46_togive-1-1,H-46_togive-1,bercel,89,false,expert,wot,,,
OH-46_togive-1-1,OH-46_togive-1,bercel,90,false,expert,wot,,,
EAH-46_togive-1-1,EAH-46_togive-1,bersil,92,false,expert,wot,,,
H-47_grainorsmallglobuleofpreciousmetal-1-1,H-47_grainorsmallglobuleofpreciousmetal-1,bertű,93,false,expert,wot,,,
OH-47_grainorsmallglobuleofpreciousmetal-1-1,OH-47_grainorsmallglobuleofpreciousmetal-1,börtǖ,94,false,expert,wot,,,
LAH-47_grainorsmallglobuleofpreciousmetal-1-1,LAH-47_grainorsmallglobuleofpreciousmetal-1,börteü̯,95,false,expert,wot,,,
EAH-47_grainorsmallglobuleofpreciousmetal-1-1,EAH-47_grainorsmallglobuleofpreciousmetal-1,bürtiγ,96,false,expert,wot,,,
H-49_pechenegnameofatribe-1-1,H-49_pechenegnameofatribe-1,besenyő,97,false,expert,wot,,,
OH-49_pechenegnameofatribe-1-1,OH-49_pechenegnameofatribe-1,bešeneü̯,98,false,expert,wot,,,
EAH-49_pechenegnameofatribe-1-1,EAH-49_pechenegnameofatribe-1,bešeneγ,100,false,expert,wot,,,
H-53_pocketknife-1-1,H-53_pocketknife-1,bicsak,101,false,expert,wot,,,
EAH-53_pocketknife-1-1,EAH-53_pocketknife-1,bičak,104,false,expert,wot,,,
H-53_pocketknife-2-1,H-53_pocketknife-2,bicsak,105,false,expert,wot,,,
EAH-53_pocketknife-2-1,EAH-53_pocketknife-2,bičak,108,false,expert,wot,,,
H-55_shackles-1-1,H-55_shackles-1,bilincs,109,false,expert,wot,,,
OH-55_shackles-1-1,OH-55_shackles-1,bilinček,110,false,expert,wot,,,
EAH-55_shackles-1-1,EAH-55_shackles-1,bileček,112,false,expert,wot,,,
H-57_tobeforgivenbocsanat-1-1,H-57_tobeforgivenbocsanat-1,bocsánik,113,false,expert,wot,,,
OH-57_tobeforgivenbocsanat-1-1,OH-57_tobeforgivenbocsanat-1,bočan,114,false,expert,wot,,,
EAH-57_tobeforgivenbocsanat-1-1,EAH-57_tobeforgivenbocsanat-1,bolčan,116,false,expert,wot,,,
H-59_bucklerwithhandlehandleofdifferentarms-1-1,H-59_bucklerwithhandlehandleofdifferentarms-1,bóda,117,false,expert,wot,,,
OH-59_bucklerwithhandlehandleofdifferentarms-1-1,OH-59_bucklerwithhandlehandleofdifferentarms-1,boldå,118,false,expert,wot,,,
EAH-59_bucklerwithhandlehandleofdifferentarms-1-1,EAH-59_bucklerwithhandlehandleofdifferentarms-1,baldaw,120,false,expert,wot,,,
H-61_stackofhay-1-1,H-61_stackofhay-1,boɡlya,121,false,expert,wot,,,
OH-61_stackofhay-1-1,OH-61_stackofhay-1,boglʹå,122,false,expert,wot,,,
LAH-61_stackofhay-1-1,LAH-61_stackofhay-1,bogulʹa,123,false,expert,wot,,,
EAH-61_stackofhay-1-1,EAH-61_stackofhay-1,bogul,124,false,expert,wot,,,
H-63_burdockarctiumsp-1-1,H-63_burdockarctiumsp-1,bojtorján,125,false,expert,wot,,,
EAH-63_burdockarctiumsp-1-1,EAH-63_burdockarctiumsp-1,balturγan,128,false,expert,wot,,,
H-66_ankleboot-1-1,H-66_ankleboot-1,bakancs,129,false,expert,wot,,,
EAH-66_ankleboot-1-1,EAH-66_ankleboot-1,bokå,132,false,expert,wot,,,
H-67_anthill-1-1,H-67_anthill-1,boly,133,false,expert,wot,,,
OH-67_anthill-1-1,OH-67_anthill-1,bolʹ,134,false,expert,wot,,,
EAH-67_anthill-1-1,EAH-67_anthill-1,boγol,136,false,expert,wot,,,
H-70_tocovertooverturn-1-1,H-70_tocovertooverturn-1,bor,137,false,expert,wot,,,
EAH-70_tocovertooverturn-1-1,EAH-70_tocovertooverturn-1,bur,140,false,expert,wot,,,
H-71_calf-1-1,H-71_calf-1,borjú,141,false,expert,wot,,,
OH-71_calf-1-1,OH-71_calf-1,burγu,142,false,expert,wot,,,
EAH-71_calf-1-1,EAH-71_calf-1,buraγu,144,false,expert,wot,,,
H-73_peapisumsativumbean-1-1,H-73_peapisumsativumbean-1,borsó,145,false,expert,wot,,,
OH-73_peapisumsativumbean-1-1,OH-73_peapisumsativumbean-1,buršau̯,146,false,expert,wot,,,
EAH-73_peapisumsativumbean-1-1,EAH-73_peapisumsativumbean-1,burčaγ,148,false,expert,wot,,,
H-75_witchsorceress-1-1,H-75_witchsorceress-1,boszorkány,149,false,expert,wot,,,
EAH-75_witchsorceress-1-1,EAH-75_witchsorceress-1,basarkan,152,false,expert,wot,,,
H-77_revenge-1-1,H-77_revenge-1,boszszú,153,false,expert,wot,,,
OH-77_revenge-1-1,OH-77_revenge-1,bossou̯,154,false,expert,wot,,,
EAH-77_revenge-1-1,EAH-77_revenge-1,bosuγ,156,false,expert,wot,,,
H-81_stickcane-1-1,H-81_stickcane-1,bot,157,false,expert,wot,,,
OH-81_stickcane-1-1,OH-81_stickcane-1,buti,158,false,expert,wot,,,
LAH-81_stickcane-1-1,LAH-81_stickcane-1,butu,159,false,expert,wot,,,
EAH-81_stickcane-1-1,EAH-81_stickcane-1,butiγ,160,false,expert,wot,,,
H-81_stickcane-2-1,H-81_stickcane-2,but,161,false,expert,wot,,,
OH-81_stickcane-2-1,OH-81_stickcane-2,buti,162,false,expert,wot,,,
LAH-81_stickcane-2-1,LAH-81_stickcane-2,butu,163,false,expert,wot,,,
EAH-81_stickcane-2-1,EAH-81_stickcane-2,butiγ,164,false,expert,wot,,,
H-83_richabundantroomy-1-1,H-83_richabundantroomy-1,bő,165,false,expert,wot,,,
OH-83_richabundantroomy-1-1,OH-83_richabundantroomy-1,beü̯,166,false,expert,wot,,,
EAH-83_richabundantroomy-1-1,EAH-83_richabundantroomy-1,beγ,168,false,expert,wot,,,
H-85_fasting-1-1,H-85_fasting-1,böjt,169,false,expert,wot,,,
OH-85_fasting-1-1,OH-85_fasting-1,büχt,170,false,expert,wot,,,
EAH-85_fasting-1-1,EAH-85_fasting-1,büγte,172,false,expert,wot,,,
H-87_cradle-1-1,H-87_cradle-1,bölcső,173,false,expert,wot,,,
OH-87_cradle-1-1,OH-87_cradle-1,belčȫ,174,false,expert,wot,,,
EAH-87_cradle-1-1,EAH-87_cradle-1,belčeγ,176,false,expert,wot,,,
H-89_prisonjail-1-1,H-89_prisonjail-1,börtön,177,false,expert,wot,,,
EAH-89_prisonjail-1-1,EAH-89_prisonjail-1,berten,180,false,expert,wot,,,
H-91_farewellindulgencededicationfestivalannualparishfeast-1-1,H-91_farewellindulgencededicationfestivalannualparishfeast-1,búcsú,181,false,expert,wot,,,
OH-91_farewellindulgencededicationfestivalannualparishfeast-1-1,OH-91_farewellindulgencededicationfestivalannualparishfeast-1,bulčū,182,false,expert,wot,,,
LAH-91_farewellindulgencededicationfestivalannualparishfeast-1-1,LAH-91_farewellindulgencededicationfestivalannualparishfeast-1,bulčū,183,false,expert,wot,,,
EAH-91_farewellindulgencededicationfestivalannualparishfeast-1-1,EAH-91_farewellindulgencededicationfestivalannualparishfeast-1,bulčuγ,184,false,expert,wot,,,
H-93_volgabulgar-1-1,H-93_volgabulgar-1,bular,185,false,expert,wot,,,
EAH-93_volgabulgar-1-1,EAH-93_volgabulgar-1,bular,188,false,expert,wot,,,
H-95_wheattriticum-1-1,H-95_wheattriticum-1,búza,189,false,expert,wot,,,
OH-95_wheattriticum-1-1,OH-95_wheattriticum-1,būza,190,false,expert,wot,,,
EAH-95_wheattriticum-1-1,EAH-95_wheattriticum-1,buγzai,192,false,expert,wot,,,
H-97_beech-1-1,H-97_beech-1,bük,193,false,expert,wot,,,
EAH-97_beech-1-1,EAH-97_beech-1,bik,196,false,expert,wot,,,
H-99_bluntendofsomethingarodwithanendcutobtuseendofafieldstriptheshortersideorendofapieceoffurniturefootofthehill-1-1,H-99_bluntendofsomethingarodwithanendcutobtuseendofafieldstriptheshortersideorendofapieceoffurniturefootofthehill-1,bütü,197,false,expert,wot,,,
EAH-99_bluntendofsomethingarodwithanendcutobtuseendofafieldstriptheshortersideorendofapieceoffurniturefootofthehill-1-1,EAH-99_bluntendofsomethingarodwithanendcutobtuseendofafieldstriptheshortersideorendofapieceoffurniturefootofthehill-1,bütüγ,200,false,expert,wot,,,
H-101_akindofwillowsalixelgnos-1-1,H-101_akindofwillowsalixelgnos-1,ciɡle,201,false,expert,wot,,,
EAH-101_akindofwillowsalixelgnos-1-1,EAH-101_akindofwillowsalixelgnos-1,čigle,204,false,expert,wot,,,
H-105_trapsnareforcatchingbirdsbirdcage-1-1,H-105_trapsnareforcatchingbirdsbirdcage-1,csëkle,205,false,expert,wot,,,
EAH-105_trapsnareforcatchingbirdsbirdcage-1-1,EAH-105_trapsnareforcatchingbirdsbirdcage-1,čikle,208,false,expert,wot,,,
H-105_trapsnareforcatchingbirdsbirdcage-2-1,H-105_trapsnareforcatchingbirdsbirdcage-2,csikle,209,false,expert,wot,,,
EAH-105_trapsnareforcatchingbirdsbirdcage-2-1,EAH-105_trapsnareforcatchingbirdsbirdcage-2,čikle,212,false,expert,wot,,,
H-107_akindofwillow-1-1,H-107_akindofwillow-1,csiɡla,213,false,expert,wot,,,
EAH-107_akindofwillow-1-1,EAH-107_akindofwillow-1,čigla,216,false,expert,wot,,,
H-111_akindofwolfsmilkeasterflowereuphorbia-1-1,H-111_akindofwolfsmilkeasterflowereuphorbia-1,cötkény,217,false,expert,wot,,,
EAH-111_akindofwolfsmilkeasterflowereuphorbia-1-1,EAH-111_akindofwolfsmilkeasterflowereuphorbia-1,sütken,220,false,expert,wot,,,
H-111_akindofwolfsmilkeasterflowereuphorbia-2-1,H-111_akindofwolfsmilkeasterflowereuphorbia-2,cötkény,221,false,expert,wot,,,
EAH-111_akindofwolfsmilkeasterflowereuphorbia-2-1,EAH-111_akindofwolfsmilkeasterflowereuphorbia-2,süttegen,224,false,expert,wot,,,
H-113_onlyjust-1-1,H-113_onlyjust-1,csak,225,false,expert,wot,,,
EAH-113_onlyjust-1-1,EAH-113_onlyjust-1,čak,228,false,expert,wot,,,
H-117_nettleurtica-1-1,H-117_nettleurtica-1,csalán,229,false,expert,wot,,,
EAH-117_nettleurtica-1-1,EAH-117_nettleurtica-1,čalān,232,false,expert,wot,,,
H-117_nettleurtica-2-1,H-117_nettleurtica-2,csalán,233,false,expert,wot,,,
EAH-117_nettleurtica-2-1,EAH-117_nettleurtica-2,čalaγan,236,false,expert,wot,,,
H-119_thicketbrushwooddryfoliagegrovemeadow-1-1,H-119_thicketbrushwooddryfoliagegrovemeadow-1,csalit,237,false,expert,wot,,,
EAH-119_thicketbrushwooddryfoliagegrovemeadow-1-1,EAH-119_thicketbrushwooddryfoliagegrovemeadow-1,čalit,240,false,expert,wot,,,
H-122_fightingtrooparmygroupbattlequarrelhubbubflock-1-1,H-122_fightingtrooparmygroupbattlequarrelhubbubflock-1,csata,241,false,expert,wot,,,
EAH-122_fightingtrooparmygroupbattlequarrelhubbubflock-1-1,EAH-122_fightingtrooparmygroupbattlequarrelhubbubflock-1,čata,244,false,expert,wot,,,
H-123_toaddtojointobuckleupsomething-1-1,H-123_toaddtojointobuckleupsomething-1,csatol,245,false,expert,wot,,,
OH-123_toaddtojointobuckleupsomething-1-1,OH-123_toaddtojointobuckleupsomething-1,čatol,246,false,expert,wot,,,
EAH-123_toaddtojointobuckleupsomething-1-1,EAH-123_toaddtojointobuckleupsomething-1,čat,248,false,expert,wot,,,
H-126_measlesmallpoxpocksskineruptiondecorativeembroidery-1-1,H-126_measlesmallpoxpocksskineruptiondecorativeembroidery-1,csécs,249,false,expert,wot,,,
EAH-126_measlesmallpoxpocksskineruptiondecorativeembroidery-1-1,EAH-126_measlesmallpoxpocksskineruptiondecorativeembroidery-1,čëč,252,false,expert,wot,,,
H-127_tobindsomething-1-1,H-127_tobindsomething-1,csekél,253,false,expert,wot,,,
OH-127_tobindsomething-1-1,OH-127_tobindsomething-1,ček,254,false,expert,wot,,,
EAH-127_tobindsomething-1-1,EAH-127_tobindsomething-1,čik,256,false,expert,wot,,,
H-130_awineoflowqualityafruitwine-1-1,H-130_awineoflowqualityafruitwine-1,csiɡer,257,false,expert,wot,,,
EAH-130_awineoflowqualityafruitwine-1-1,EAH-130_awineoflowqualityafruitwine-1,čigir,260,false,expert,wot,,,
H-131_secretionmucusdischargedfromtheeyes-1-1,H-131_secretionmucusdischargedfromtheeyes-1,csipa,261,false,expert,wot,,,
EAH-131_secretionmucusdischargedfromtheeyes-1-1,EAH-131_secretionmucusdischargedfromtheeyes-1,čapa,264,false,expert,wot,,,
H-133_acarpentersaxewithalonghelve-1-1,H-133_acarpentersaxewithalonghelve-1,csomak,265,false,expert,wot,,,
EAH-133_acarpentersaxewithalonghelve-1-1,EAH-133_acarpentersaxewithalonghelve-1,čomak,268,false,expert,wot,,,
H-136_stallion-1-1,H-136_stallion-1,csődör,269,false,expert,wot,,,
EAH-136_stallion-1-1,EAH-136_stallion-1,čeü̯dür,272,false,expert,wot,,,
H-137_sexualorganoflargemaleanimalsofabullawhipmadefromit-1-1,H-137_sexualorganoflargemaleanimalsofabullawhipmadefromit-1,csök,273,false,expert,wot,,,
EAH-137_sexualorganoflargemaleanimalsofabullawhipmadefromit-1-1,EAH-137_sexualorganoflargemaleanimalsofabullawhipmadefromit-1,čük,276,false,expert,wot,,,
H-139_tobecomesmallerremainsmalltoswaytotottertosprain-1-1,H-139_tobecomesmallerremainsmalltoswaytotottertosprain-1,csökik,277,false,expert,wot,,,
OH-139_tobecomesmallerremainsmalltoswaytotottertosprain-1-1,OH-139_tobecomesmallerremainsmalltoswaytotottertosprain-1,čök,278,false,expert,wot,,,
EAH-139_tobecomesmallerremainsmalltoswaytotottertosprain-1-1,EAH-139_tobecomesmallerremainsmalltoswaytotottertosprain-1,čük,280,false,expert,wot,,,
H-141_fieldguardheraldturkishenvoy-1-1,H-141_fieldguardheraldturkishenvoy-1,csősz,281,false,expert,wot,,,
EAH-141_fieldguardheraldturkishenvoy-1-1,EAH-141_fieldguardheraldturkishenvoy-1,čäüš,284,false,expert,wot,,,
H-143_towindtoturntodistrortmisinterprettospinayarn-1-1,H-143_towindtoturntodistrortmisinterprettospinayarn-1,csűr,285,false,expert,wot,,,
EAH-143_towindtoturntodistrortmisinterprettospinayarn-1-1,EAH-143_towindtoturntodistrortmisinterprettospinayarn-1,čevür,288,false,expert,wot,,,
H-145_excellentworthless-1-1,H-145_excellentworthless-1,daksi,289,false,expert,wot,,,
EAH-145_excellentworthless-1-1,EAH-145_excellentworthless-1,ǰakši,292,false,expert,wot,,,
H-148_gristgroatssofthail-1-1,H-148_gristgroatssofthail-1,dara,293,false,expert,wot,,,
EAH-148_gristgroatssofthail-1-1,EAH-148_gristgroatssofthail-1,dara,296,false,expert,wot,,,
H-152_noonsouth-1-1,H-152_noonsouth-1,dél,297,false,expert,wot,,,
EAH-152_noonsouth-1-1,EAH-152_noonsouth-1,töli,300,false,expert,wot,,,
H-152_noonsouth-2-1,H-152_noonsouth-2,dél,301,false,expert,wot,,,
EAH-152_noonsouth-2-1,EAH-152_noonsouth-2,döli,304,false,expert,wot,,,
H-154_nutwalnutjuglans-1-1,H-154_nutwalnutjuglans-1,dió,305,false,expert,wot,,,
OH-154_nutwalnutjuglans-1-1,OH-154_nutwalnutjuglans-1,ǰiwo,306,false,expert,wot,,,
LAH-154_nutwalnutjuglans-1-1,LAH-154_nutwalnutjuglans-1,ǰiγau̯,307,false,expert,wot,,,
EAH-154_nutwalnutjuglans-1-1,EAH-154_nutwalnutjuglans-1,ǰiγaγ,308,false,expert,wot,,,
H-155_pigsusdomestica-1-1,H-155_pigsusdomestica-1,disznó,309,false,expert,wot,,,
EAH-155_pigsusdomestica-1-1,EAH-155_pigsusdomestica-1,ǰisnaγ,312,false,expert,wot,,,
H-157_toleantoppleoverstreamdown-1-1,H-157_toleantoppleoverstreamdown-1,dől,313,false,expert,wot,,,
OH-157_toleantoppleoverstreamdown-1-1,OH-157_toleantoppleoverstreamdown-1,dǖl,314,false,expert,wot,,,
EAH-157_toleantoppleoverstreamdown-1-1,EAH-157_toleantoppleoverstreamdown-1,dül,316,false,expert,wot,,,
H-159_tosqueezetothrustinto-1-1,H-159_tosqueezetothrustinto-1,duɡ,317,false,expert,wot,,,
EAH-159_tosqueezetothrustinto-1-1,EAH-159_tosqueezetothrustinto-1,dïg,320,false,expert,wot,,,
H-161_churchbuildingandorganisation-1-1,H-161_churchbuildingandorganisation-1,ëgyház,321,false,expert,wot,,,
EAH-161_churchbuildingandorganisation-1-1,EAH-161_churchbuildingandorganisation-1,ëdʹ,324,false,expert,wot,,,
H-163_plough-1-1,H-163_plough-1,eke,325,false,expert,wot,,,
EAH-163_plough-1-1,EAH-163_plough-1,ekeγ,328,false,expert,wot,,,
H-165_topropitiate-1-1,H-165_topropitiate-1,enɡesztel,329,false,expert,wot,,,
EAH-165_topropitiate-1-1,EAH-165_topropitiate-1,eng,332,false,expert,wot,,,
H-167_toarrivetoreachgetto-1-1,H-167_toarrivetoreachgetto-1,ér,333,false,expert,wot,,,
EAH-167_toarrivetoreachgetto-1-1,EAH-167_toarrivetoreachgetto-1,er,336,false,expert,wot,,,
H-169_moralsmorality-1-1,H-169_moralsmorality-1,erkölcs,337,false,expert,wot,,,
EAH-169_moralsmorality-1-1,EAH-169_moralsmorality-1,erkelč,340,false,expert,wot,,,
H-171_strengthpower-1-1,H-171_strengthpower-1,erő,341,false,expert,wot,,,
OH-171_strengthpower-1-1,OH-171_strengthpower-1,ereü̯,342,false,expert,wot,,,
EAH-171_strengthpower-1-1,EAH-171_strengthpower-1,eriγ,344,false,expert,wot,,,
H-173_oath-1-1,H-173_oath-1,eskü,345,false,expert,wot,,,
OH-173_oath-1-1,OH-173_oath-1,iškü,346,false,expert,wot,,,
EAH-173_oath-1-1,EAH-173_oath-1,ičkü,348,false,expert,wot,,,
H-176_rivernameofariver-1-1,H-176_rivernameofariver-1,etel,349,false,expert,wot,,,
EAH-176_rivernameofariver-1-1,EAH-176_rivernameofariver-1,etil,352,false,expert,wot,,,
H-204_weed-1-1,H-204_weed-1,ɡaz,353,false,expert,wot,,,
OH-204_weed-1-1,OH-204_weed-1,kāz,354,false,expert,wot,,,
EAH-204_weed-1-1,EAH-204_weed-1,kaγzu,356,false,expert,wot,,,
H-179_pelicanpelicanus-1-1,H-179_pelicanpelicanus-1,ɡödény,357,false,expert,wot,,,
OH-179_pelicanpelicanus-1-1,OH-179_pelicanpelicanus-1,güden,358,false,expert,wot,,,
EAH-179_pelicanpelicanus-1-1,EAH-179_pelicanpelicanus-1,güden,360,false,expert,wot,,,
H-181_polecatputoriusfoetidus-1-1,H-181_polecatputoriusfoetidus-1,ɡörény,361,false,expert,wot,,,
EAH-181_polecatputoriusfoetidus-1-1,EAH-181_polecatputoriusfoetidus-1,güren,364,false,expert,wot,,,
H-183_gleanermousemusspicilegus-1-1,H-183_gleanermousemusspicilegus-1,ɡüzü,365,false,expert,wot,,,
OH-183_gleanermousemusspicilegus-1-1,OH-183_gleanermousemusspicilegus-1,güzǖ,366,false,expert,wot,,,
LAH-183_gleanermousemusspicilegus-1-1,LAH-183_gleanermousemusspicilegus-1,küzeγü,367,false,expert,wot,,,
EAH-183_gleanermousemusspicilegus-1-1,EAH-183_gleanermousemusspicilegus-1,küseγü,368,false,expert,wot,,,
H-185_dragnetakindoffishingnet-1-1,H-185_dragnetakindoffishingnet-1,gyalom,369,false,expert,wot,,,
EAH-185_dragnetakindoffishingnet-1-1,EAH-185_dragnetakindoffishingnet-1,ǰalum,372,false,expert,wot,,,
H-187_wool-1-1,H-187_wool-1,gyapjú,373,false,expert,wot,,,
OH-187_wool-1-1,OH-187_wool-1,ǰapyu,374,false,expert,wot,,,
EAH-187_wool-1-1,EAH-187_wool-1,ǰapγu,376,false,expert,wot,,,
H-190_toincreasetoputonweighttogrowstronger-1-1,H-190_toincreasetoputonweighttogrowstronger-1,gyarapodik,377,false,expert,wot,,,
OH-190_toincreasetoputonweighttogrowstronger-1-1,OH-190_toincreasetoputonweighttogrowstronger-1,dʹåråp,378,false,expert,wot,,,
LAH-190_toincreasetoputonweighttogrowstronger-1-1,LAH-190_toincreasetoputonweighttogrowstronger-1,ǰarap,379,false,expert,wot,,,
EAH-190_toincreasetoputonweighttogrowstronger-1-1,EAH-190_toincreasetoputonweighttogrowstronger-1,ǰarpa,380,false,expert,wot,,,
H-191_poorfrailfeeble-1-1,H-191_poorfrailfeeble-1,gyarló,381,false,expert,wot,,,
OH-191_poorfrailfeeble-1-1,OH-191_poorfrailfeeble-1,ǰarlou̯,382,false,expert,wot,,,
EAH-191_poorfrailfeeble-1-1,EAH-191_poorfrailfeeble-1,ǰarlïγ,384,false,expert,wot,,,
H-193_mourningbereavement-1-1,H-193_mourningbereavement-1,gyász,385,false,expert,wot,,,
OH-193_mourningbereavement-1-1,OH-193_mourningbereavement-1,ǰās,386,false,expert,wot,,,
EAH-193_mourningbereavement-1-1,EAH-193_mourningbereavement-1,ǰas,388,false,expert,wot,,,
H-195_weakfeeble-1-1,H-195_weakfeeble-1,gyënɡe,389,false,expert,wot,,,
EAH-195_weakfeeble-1-1,EAH-195_weakfeeble-1,ǰenge,392,false,expert,wot,,,
H-197_borderlandhedge-1-1,H-197_borderlandhedge-1,gyepű,393,false,expert,wot,,,
OH-197_borderlandhedge-1-1,OH-197_borderlandhedge-1,ǰepeü̯,394,false,expert,wot,,,
EAH-197_borderlandhedge-1-1,EAH-197_borderlandhedge-1,ǰepiγ,396,false,expert,wot,,,
H-200_child-1-1,H-200_child-1,gyermek,397,false,expert,wot,,,
EAH-200_child-1-1,EAH-200_child-1,ǰärmäk,400,false,expert,wot,,,
H-201_candle-1-1,H-201_candle-1,gyertya,401,false,expert,wot,,,
EAH-201_candle-1-1,EAH-201_candle-1,ǰarta,404,false,expert,wot,,,
H-203_murderkiller-1-1,H-203_murderkiller-1,gyilkos,405,false,expert,wot,,,
EAH-203_murderkiller-1-1,EAH-203_murderkiller-1,ǰilkuš,408,false,expert,wot,,,
H-205_stomach-1-1,H-205_stomach-1,gyomor,409,false,expert,wot,,,
OH-205_stomach-1-1,OH-205_stomach-1,dʹumur,410,false,expert,wot,,,
EAH-205_stomach-1-1,EAH-205_stomach-1,ǰumur,412,false,expert,wot,,,
H-207_toconfesssins-1-1,H-207_toconfesssins-1,gyovon,413,false,expert,wot,,,
OH-207_toconfesssins-1-1,OH-207_toconfesssins-1,dʹuvun,414,false,expert,wot,,,
EAH-207_toconfesssins-1-1,EAH-207_toconfesssins-1,ǰuvun,416,false,expert,wot,,,
H-209_pearl-1-1,H-209_pearl-1,gyöngy,417,false,expert,wot,,,
OH-209_pearl-1-1,OH-209_pearl-1,ǰünǰ,418,false,expert,wot,,,
LAH-209_pearl-1-1,LAH-209_pearl-1,ǰünǰü,419,false,expert,wot,,,
EAH-209_pearl-1-1,EAH-209_pearl-1,ǰinǰü,420,false,expert,wot,,,
H-211_toconquersomebodysomethingtriumphoversomebodysomethinggainvictory-1-1,H-211_toconquersomebodysomethingtriumphoversomebodysomethinggainvictory-1,győz,421,false,expert,wot,,,
OH-211_toconquersomebodysomethingtriumphoversomebodysomethinggainvictory-1-1,OH-211_toconquersomebodysomethingtriumphoversomebodysomethinggainvictory-1,dʹēz,422,false,expert,wot,,,
EAH-211_toconquersomebodysomethingtriumphoversomebodysomethinggainvictory-1-1,EAH-211_toconquersomebodysomethingtriumphoversomebodysomethinggainvictory-1,ǰeγüz,424,false,expert,wot,,,
H-213_tokneadpug-1-1,H-213_tokneadpug-1,gyúr,425,false,expert,wot,,,
EAH-213_tokneadpug-1-1,EAH-213_tokneadpug-1,ǰuγur,428,false,expert,wot,,,
H-215_tocollectgathersomething-1-1,H-215_tocollectgathersomething-1,gyűjt,429,false,expert,wot,,,
EAH-215_tocollectgathersomething-1-1,EAH-215_tocollectgathersomething-1,dʹǖl,432,false,expert,wot,,,
H-217_fruit-1-1,H-217_fruit-1,gyümölcs,433,false,expert,wot,,,
OH-217_fruit-1-1,OH-217_fruit-1,dʹömölč,434,false,expert,wot,,,
LAH-217_fruit-1-1,LAH-217_fruit-1,dʹemilč,435,false,expert,wot,,,
EAH-217_fruit-1-1,EAH-217_fruit-1,ǰemilč,436,false,expert,wot,,,
H-219_akindoftreesimilartothemapleorcornelacertataricumcornussanguinea-1-1,H-219_akindoftreesimilartothemapleorcornelacertataricumcornussanguinea-1,gyűrű,437,false,expert,wot,,,
OH-219_akindoftreesimilartothemapleorcornelacertataricumcornussanguinea-1-1,OH-219_akindoftreesimilartothemapleorcornelacertataricumcornussanguinea-1,dʹereü̯,438,false,expert,wot,,,
EAH-219_akindoftreesimilartothemapleorcornelacertataricumcornussanguinea-1-1,EAH-219_akindoftreesimilartothemapleorcornelacertataricumcornussanguinea-1,ǰereγ,440,false,expert,wot,,,
H-221_thimble-1-1,H-221_thimble-1,gyűszű,441,false,expert,wot,,,
EAH-221_thimble-1-1,EAH-221_thimble-1,ǰüγsüγ,444,false,expert,wot,,,
H-223_bell-1-1,H-223_bell-1,haranɡ,445,false,expert,wot,,,
EAH-223_bell-1-1,EAH-223_bell-1,hangar,448,false,expert,wot,,,
H-225_sand-1-1,H-225_sand-1,homok,449,false,expert,wot,,,
OH-225_sand-1-1,OH-225_sand-1,humuki,450,false,expert,wot,,,
EAH-225_sand-1-1,EAH-225_sand-1,humoki,452,false,expert,wot,,,
H-227_timeweather-1-1,H-227_timeweather-1,idő,453,false,expert,wot,,,
OH-227_timeweather-1-1,OH-227_timeweather-1,üdȫ,454,false,expert,wot,,,
LAH-227_timeweather-1-1,LAH-227_timeweather-1,üdeü̯,455,false,expert,wot,,,
EAH-227_timeweather-1-1,EAH-227_timeweather-1,üdeγ,456,false,expert,wot,,,
H-230_tobefrightenedtotakefright-1-1,H-230_tobefrightenedtotakefright-1,ijed,457,false,expert,wot,,,
OH-230_tobefrightenedtotakefright-1-1,OH-230_tobefrightenedtotakefright-1,iye,458,false,expert,wot,,,
EAH-230_tobefrightenedtotakefright-1-1,EAH-230_tobefrightenedtotakefright-1,äyi,460,false,expert,wot,,,
H-231_twin-1-1,H-231_twin-1,iker,461,false,expert,wot,,,
EAH-231_twin-1-1,EAH-231_twin-1,ikir,464,false,expert,wot,,,
H-233_tosuitsomethingtobepropertofitinto-1-1,H-233_tosuitsomethingtobepropertofitinto-1,illik,465,false,expert,wot,,,
EAH-233_tosuitsomethingtobepropertofitinto-1-1,EAH-233_tosuitsomethingtobepropertofitinto-1,il,468,false,expert,wot,,,
H-235_shirt-1-1,H-235_shirt-1,inɡ,469,false,expert,wot,,,
OH-235_shirt-1-1,OH-235_shirt-1,ümeg,470,false,expert,wot,,,
EAH-235_shirt-1-1,EAH-235_shirt-1,ümmeg,472,false,expert,wot,,,
H-237_buttermilk-1-1,H-237_buttermilk-1,író,473,false,expert,wot,,,
OH-237_buttermilk-1-1,OH-237_buttermilk-1,irō,474,false,expert,wot,,,
EAH-237_buttermilk-1-1,EAH-237_buttermilk-1,iraγ,476,false,expert,wot,,,
H-239_nameofanethnicgroupofiranianorigininhungary-1-1,H-239_nameofanethnicgroupofiranianorigininhungary-1,jász,477,false,expert,wot,,,
H-241_bulrushclubrushdifferentplantslikeschoenoplectuscyperace-1-1,H-241_bulrushclubrushdifferentplantslikeschoenoplectuscyperace-1,káka,481,false,expert,wot,,,
H-243_guidepilotconductorticketinspector-1-1,H-243_guidepilotconductorticketinspector-1,kalóz,485,false,expert,wot,,,
EAH-243_guidepilotconductorticketinspector-1-1,EAH-243_guidepilotconductorticketinspector-1,kalauz,488,false,expert,wot,,,
H-247_awaterplantstratiotesaloides-1-1,H-247_awaterplantstratiotesaloides-1,kalokány,489,false,expert,wot,,,
EAH-247_awaterplantstratiotesaloides-1-1,EAH-247_awaterplantstratiotesaloides-1,karlukan,492,false,expert,wot,,,
H-247_awaterplantstratiotesaloides-2-1,H-247_awaterplantstratiotesaloides-2,karlokány,493,false,expert,wot,,,
EAH-247_awaterplantstratiotesaloides-2-1,EAH-247_awaterplantstratiotesaloides-2,karlukan,496,false,expert,wot,,,
H-250_whiplash-1-1,H-250_whiplash-1,kamsi,497,false,expert,wot,,,
H-251_saddlestrap-1-1,H-251_saddlestrap-1,kangyík,501,false,expert,wot,,,
EAH-251_saddlestrap-1-1,EAH-251_saddlestrap-1,kåndʹikå,504,false,expert,wot,,,
H-253_measles-1-1,H-253_measles-1,kanyaró,505,false,expert,wot,,,
OH-253_measles-1-1,OH-253_measles-1,kåråńō,506,false,expert,wot,,,
LAH-253_measles-1-1,LAH-253_measles-1,kåråmō,507,false,expert,wot,,,
EAH-253_measles-1-1,EAH-253_measles-1,karamuγ,508,false,expert,wot,,,
H-255_gate-1-1,H-255_gate-1,kapu,509,false,expert,wot,,,
OH-255_gate-1-1,OH-255_gate-1,kapū,510,false,expert,wot,,,
EAH-255_gate-1-1,EAH-255_gate-1,kapuγ,512,false,expert,wot,,,
H-257_damageloss-1-1,H-257_damageloss-1,kár,513,false,expert,wot,,,
H-259_sheepfoldcattlegridstockyardayardencircledbyafenceshedforanimals-1-1,H-259_sheepfoldcattlegridstockyardayardencircledbyafenceshedforanimals-1,karám,517,false,expert,wot,,,
EAH-259_sheepfoldcattlegridstockyardayardencircledbyafenceshedforanimals-1-1,EAH-259_sheepfoldcattlegridstockyardayardencircledbyafenceshedforanimals-1,korām,520,false,expert,wot,,,
H-261_pinkseveralkindsofpinkdanthusdcaryophyllusseveralmembersofthecaryophillace-1-1,H-261_pinkseveralkindsofpinkdanthusdcaryophyllusseveralmembersofthecaryophillace-1,karanbél,521,false,expert,wot,,,
EAH-261_pinkseveralkindsofpinkdanthusdcaryophyllusseveralmembersofthecaryophillace-1-1,EAH-261_pinkseveralkindsofpinkdanthusdcaryophyllusseveralmembersofthecaryophillace-1,karampil,524,false,expert,wot,,,
H-263_afishingwaterbirdwithblackfeatherscormorantphalacrocoraxcarbo-1-1,H-263_afishingwaterbirdwithblackfeatherscormorantphalacrocoraxcarbo-1,kárókatona,525,false,expert,wot,,,
OH-263_afishingwaterbirdwithblackfeatherscormorantphalacrocoraxcarbo-1-1,OH-263_afishingwaterbirdwithblackfeatherscormorantphalacrocoraxcarbo-1,kara katona,526,false,expert,wot,,,
EAH-263_afishingwaterbirdwithblackfeatherscormorantphalacrocoraxcarbo-1-1,EAH-263_afishingwaterbirdwithblackfeatherscormorantphalacrocoraxcarbo-1,kara kotan,528,false,expert,wot,,,
H-265_chicorycichoriumspcichoriumintybus-1-1,H-265_chicorycichoriumspcichoriumintybus-1,katánɡ,529,false,expert,wot,,,
EAH-265_chicorycichoriumspcichoriumintybus-1-1,EAH-265_chicorycichoriumspcichoriumintybus-1,katāng,532,false,expert,wot,,,
H-267_bosombreast-1-1,H-267_bosombreast-1,kebel,533,false,expert,wot,,,
H-269_blue-1-1,H-269_blue-1,kék,537,false,expert,wot,,,
EAH-269_blue-1-1,EAH-269_blue-1,keyk,540,false,expert,wot,,,
H-271_hempcannabis-1-1,H-271_hempcannabis-1,kender,541,false,expert,wot,,,
EAH-271_hempcannabis-1-1,EAH-271_hempcannabis-1,kendir,544,false,expert,wot,,,
H-273_pictureshapeform-1-1,H-273_pictureshapeform-1,kép,545,false,expert,wot,,,
H-275_akindofship-1-1,H-275_akindofship-1,kerep,549,false,expert,wot,,,
H-277_cud-1-1,H-277_cud-1,kérő,553,false,expert,wot,,,
OH-277_cud-1-1,OH-277_cud-1,kevreγ,554,false,expert,wot,,,
EAH-277_cud-1-1,EAH-277_cud-1,kevereγ,556,false,expert,wot,,,
H-279_vulturevultur-1-1,H-279_vulturevultur-1,keselyű,557,false,expert,wot,,,
OH-279_vulturevultur-1-1,OH-279_vulturevultur-1,kešeleü̯,558,false,expert,wot,,,
EAH-279_vulturevultur-1-1,EAH-279_vulturevultur-1,küčeleγ,560,false,expert,wot,,,
H-284_smalllittle-1-1,H-284_smalllittle-1,kicsiny,561,false,expert,wot,,,
EAH-284_smalllittle-1-1,EAH-284_smalllittle-1,kičin,564,false,expert,wot,,,
H-283_small-1-1,H-283_small-1,kicsi,565,false,expert,wot,,,
EAH-283_small-1-1,EAH-283_small-1,kičin,568,false,expert,wot,,,
H-285_felt-1-1,H-285_felt-1,kíjc,569,false,expert,wot,,,
OH-285_felt-1-1,OH-285_felt-1,kīyc,570,false,expert,wot,,,
LAH-285_felt-1-1,LAH-285_felt-1,kiyic,571,false,expert,wot,,,
EAH-285_felt-1-1,EAH-285_felt-1,kiyiz,572,false,expert,wot,,,
H-287_abirdsimilartoafalconakindofbirdofprey-1-1,H-287_abirdsimilartoafalconakindofbirdofprey-1,kiköcsény,573,false,expert,wot,,,
OH-287_abirdsimilartoafalconakindofbirdofprey-1-1,OH-287_abirdsimilartoafalconakindofbirdofprey-1,kikörčen,574,false,expert,wot,,,
EAH-287_abirdsimilartoafalconakindofbirdofprey-1-1,EAH-287_abirdsimilartoafalconakindofbirdofprey-1,kükerčen,576,false,expert,wot,,,
H-289_gourdcalabashlagenariavulgarisheadbillycockhat-1-1,H-289_gourdcalabashlagenariavulgarisheadbillycockhat-1,kobak,577,false,expert,wot,,,
EAH-289_gourdcalabashlagenariavulgarisheadbillycockhat-1-1,EAH-289_gourdcalabashlagenariavulgarisheadbillycockhat-1,kåbåk,580,false,expert,wot,,,
H-291_tobegtomendicate-1-1,H-291_tobegtomendicate-1,koldul,581,false,expert,wot,,,
EAH-291_tobegtomendicate-1-1,EAH-291_tobegtomendicate-1,koldu,584,false,expert,wot,,,
H-293_beggar-1-1,H-293_beggar-1,koldus,585,false,expert,wot,,,
EAH-293_beggar-1-1,EAH-293_beggar-1,koldu,588,false,expert,wot,,,
H-295_timothygrassphleumphleumsp-1-1,H-295_timothygrassphleumphleumsp-1,komócsin,589,false,expert,wot,,,
EAH-295_timothygrassphleumphleumsp-1-1,EAH-295_timothygrassphleumphleumsp-1,kåmičin,592,false,expert,wot,,,
H-297_gloomygravemorosesombredullcolourednotproperlycastrated-1-1,H-297_gloomygravemorosesombredullcolourednotproperlycastrated-1,komor,593,false,expert,wot,,,
EAH-297_gloomygravemorosesombredullcolourednotproperlycastrated-1-1,EAH-297_gloomygravemorosesombredullcolourednotproperlycastrated-1,komur,596,false,expert,wot,,,
H-299_ageperiod-1-1,H-299_ageperiod-1,kor,597,false,expert,wot,,,
EAH-299_ageperiod-1-1,EAH-299_ageperiod-1,kur,600,false,expert,wot,,,
H-301_drystalkofweed-1-1,H-301_drystalkofweed-1,kóró,601,false,expert,wot,,,
OH-301_drystalkofweed-1-1,OH-301_drystalkofweed-1,korou̯,602,false,expert,wot,,,
EAH-301_drystalkofweed-1-1,EAH-301_drystalkofweed-1,kuroγ,604,false,expert,wot,,,
H-303_ram-1-1,H-303_ram-1,kos,605,false,expert,wot,,,
EAH-303_ram-1-1,EAH-303_ram-1,koč,608,false,expert,wot,,,
H-306_frocksheepskinwaistcoat-1-1,H-306_frocksheepskinwaistcoat-1,ködmön,609,false,expert,wot,,,
EAH-306_frocksheepskinwaistcoat-1-1,EAH-306_frocksheepskinwaistcoat-1,kedmen,612,false,expert,wot,,,
H-307_blackthornprunusspinosa-1-1,H-307_blackthornprunusspinosa-1,kökény,613,false,expert,wot,,,
EAH-307_blackthornprunusspinosa-1-1,EAH-307_blackthornprunusspinosa-1,köken,616,false,expert,wot,,,
H-309_thenavelvariouspartsofagriculturalandotherinstrumentsaroundwhichsomethingturnsorrotatesorwhichisinthecentre-1-1,H-309_thenavelvariouspartsofagriculturalandotherinstrumentsaroundwhichsomethingturnsorrotatesorwhichisinthecentre-1,köldök,617,false,expert,wot,,,
OH-309_thenavelvariouspartsofagriculturalandotherinstrumentsaroundwhichsomethingturnsorrotatesorwhichisinthecentre-1-1,OH-309_thenavelvariouspartsofagriculturalandotherinstrumentsaroundwhichsomethingturnsorrotatesorwhichisinthecentre-1,kildik,618,false,expert,wot,,,
EAH-309_thenavelvariouspartsofagriculturalandotherinstrumentsaroundwhichsomethingturnsorrotatesorwhichisinthecentre-1-1,EAH-309_thenavelvariouspartsofagriculturalandotherinstrumentsaroundwhichsomethingturnsorrotatesorwhichisinthecentre-1,kindik,620,false,expert,wot,,,
H-311_pounderbeatersmallmortar-1-1,H-311_pounderbeatersmallmortar-1,kölyű,621,false,expert,wot,,,
OH-311_pounderbeatersmallmortar-1-1,OH-311_pounderbeatersmallmortar-1,kelǖ,622,false,expert,wot,,,
EAH-311_pounderbeatersmallmortar-1-1,EAH-311_pounderbeatersmallmortar-1,keliγ,624,false,expert,wot,,,
H-314_book-1-1,H-314_book-1,könyv,625,false,expert,wot,,,
OH-314_book-1-1,OH-314_book-1,köńüγ,626,false,expert,wot,,,
EAH-314_book-1-1,EAH-314_book-1,küńüγ,628,false,expert,wot,,,
H-315_stumpyasmallthickman-1-1,H-315_stumpyasmallthickman-1,köpcös,629,false,expert,wot,,,
OH-315_stumpyasmallthickman-1-1,OH-315_stumpyasmallthickman-1,köpčöš,630,false,expert,wot,,,
LAH-315_stumpyasmallthickman-1-1,LAH-315_stumpyasmallthickman-1,köpčȫ,631,false,expert,wot,,,
EAH-315_stumpyasmallthickman-1-1,EAH-315_stumpyasmallthickman-1,köpčeγ,632,false,expert,wot,,,
H-317_cloakgownovercoat-1-1,H-317_cloakgownovercoat-1,köpönyek,633,false,expert,wot,,,
EAH-317_cloakgownovercoat-1-1,EAH-317_cloakgownovercoat-1,kepenek,636,false,expert,wot,,,
H-319_ashtreefraxinussp-1-1,H-319_ashtreefraxinussp-1,kőris,637,false,expert,wot,,,
OH-319_ashtreefraxinussp-1-1,OH-319_ashtreefraxinussp-1,kǖriš,638,false,expert,wot,,,
EAH-319_ashtreefraxinussp-1-1,EAH-319_ashtreefraxinussp-1,kewrič,640,false,expert,wot,,,
H-322_pearpyruscommunis-1-1,H-322_pearpyruscommunis-1,körtvély,641,false,expert,wot,,,
OH-322_pearpyruscommunis-1-1,OH-322_pearpyruscommunis-1,kërtveli,642,false,expert,wot,,,
EAH-322_pearpyruscommunis-1-1,EAH-322_pearpyruscommunis-1,kertβeli,644,false,expert,wot,,,
H-323_togreettothank-1-1,H-323_togreettothank-1,köszön,645,false,expert,wot,,,
EAH-323_togreettothank-1-1,EAH-323_togreettothank-1,küsen,648,false,expert,wot,,,
H-325_akindofdogahungarianbreedofsheepdog-1-1,H-325_akindofdogahungarianbreedofsheepdog-1,kuvasz,649,false,expert,wot,,,
EAH-325_akindofdogahungarianbreedofsheepdog-1-1,EAH-325_akindofdogahungarianbreedofsheepdog-1,kuwaz,652,false,expert,wot,,,
H-327_afishlivingatthebottomoftherivergudgeongobiofluviatilis-1-1,H-327_afishlivingatthebottomoftherivergudgeongobiofluviatilis-1,küllő,653,false,expert,wot,,,
OH-327_afishlivingatthebottomoftherivergudgeongobiofluviatilis-1-1,OH-327_afishlivingatthebottomoftherivergudgeongobiofluviatilis-1,külliγ,654,false,expert,wot,,,
LAH-327_afishlivingatthebottomoftherivergudgeongobiofluviatilis-1-1,LAH-327_afishlivingatthebottomoftherivergudgeongobiofluviatilis-1,kölliγ,655,false,expert,wot,,,
EAH-327_afishlivingatthebottomoftherivergudgeongobiofluviatilis-1-1,EAH-327_afishlivingatthebottomoftherivergudgeongobiofluviatilis-1,köligeliγ,656,false,expert,wot,,,
H-329_drysummerfograinbow-1-1,H-329_drysummerfograinbow-1,mónár köd,657,false,expert,wot,,,
OH-329_drysummerfograinbow-1-1,OH-329_drysummerfograinbow-1,mōnār,658,false,expert,wot,,,
EAH-329_drysummerfograinbow-1-1,EAH-329_drysummerfograinbow-1,munar,660,false,expert,wot,,,
H-331_chaffhuskswinnowingstailingsrefuseofgrain-1-1,H-331_chaffhuskswinnowingstailingsrefuseofgrain-1,ocsú,661,false,expert,wot,,,
OH-331_chaffhuskswinnowingstailingsrefuseofgrain-1-1,OH-331_chaffhuskswinnowingstailingsrefuseofgrain-1,učū,662,false,expert,wot,,,
LAH-331_chaffhuskswinnowingstailingsrefuseofgrain-1-1,LAH-331_chaffhuskswinnowingstailingsrefuseofgrain-1,učou̯,663,false,expert,wot,,,
EAH-331_chaffhuskswinnowingstailingsrefuseofgrain-1-1,EAH-331_chaffhuskswinnowingstailingsrefuseofgrain-1,učoγ,664,false,expert,wot,,,
H-333_toteach-1-1,H-333_toteach-1,oktat,665,false,expert,wot,,,
OH-333_toteach-1-1,OH-333_toteach-1,ok,666,false,expert,wot,,,
EAH-333_toteach-1-1,EAH-333_toteach-1,uk,668,false,expert,wot,,,
H-335_cheap-1-1,H-335_cheap-1,olcsó,669,false,expert,wot,,,
OH-335_cheap-1-1,OH-335_cheap-1,ōčō,670,false,expert,wot,,,
LAH-335_cheap-1-1,LAH-335_cheap-1,učau̯,671,false,expert,wot,,,
EAH-335_cheap-1-1,EAH-335_cheap-1,učaγ,672,false,expert,wot,,,
H-337_spermseminalfluid-1-1,H-337_spermseminalfluid-1,ondó,673,false,expert,wot,,,
OH-337_spermseminalfluid-1-1,OH-337_spermseminalfluid-1,ondau̯,674,false,expert,wot,,,
EAH-337_spermseminalfluid-1-1,EAH-337_spermseminalfluid-1,undaγ,676,false,expert,wot,,,
H-339_crumbofbreadmorselasmallpieceofbread-1-1,H-339_crumbofbreadmorselasmallpieceofbread-1,ontoɡ,677,false,expert,wot,,,
H-341_lion-1-1,H-341_lion-1,oroszlán,681,false,expert,wot,,,
EAH-341_lion-1-1,EAH-341_lion-1,uruslān,684,false,expert,wot,,,
H-343_thief-1-1,H-343_thief-1,orv,685,false,expert,wot,,,
OH-343_thief-1-1,OH-343_thief-1,urvu,686,false,expert,wot,,,
LAH-343_thief-1-1,LAH-343_thief-1,uvru,687,false,expert,wot,,,
EAH-343_thief-1-1,EAH-343_thief-1,uγru,688,false,expert,wot,,,
H-345_cuneinplayinostabla-1-1,H-345_cuneinplayinostabla-1,os,689,false,expert,wot,,,
OH-345_cuneinplayinostabla-1-1,OH-345_cuneinplayinostabla-1,ošk,690,false,expert,wot,,,
LAH-345_cuneinplayinostabla-1-1,LAH-345_cuneinplayinostabla-1,ačk,691,false,expert,wot,,,
EAH-345_cuneinplayinostabla-1-1,EAH-345_cuneinplayinostabla-1,alčuk,692,false,expert,wot,,,
H-347_tostitchtoputonadress-1-1,H-347_tostitchtoputonadress-1,ölt,693,false,expert,wot,,,
EAH-347_tostitchtoputonadress-1-1,EAH-347_tostitchtoputonadress-1,ilt,696,false,expert,wot,,,
H-349_totakeroottogrowstrongerplantanimal-1-1,H-349_totakeroottogrowstrongerplantanimal-1,önik,697,false,expert,wot,,,
OH-349_totakeroottogrowstrongerplantanimal-1-1,OH-349_totakeroottogrowstrongerplantanimal-1,ön,698,false,expert,wot,,,
EAH-349_totakeroottogrowstrongerplantanimal-1-1,EAH-349_totakeroottogrowstrongerplantanimal-1,ün,700,false,expert,wot,,,
H-351_millingproduct-1-1,H-351_millingproduct-1,örmény,701,false,expert,wot,,,
EAH-351_millingproduct-1-1,EAH-351_millingproduct-1,eü̯rmen,704,false,expert,wot,,,
H-353_eternal-1-1,H-353_eternal-1,örök,705,false,expert,wot,,,
EAH-353_eternal-1-1,EAH-353_eternal-1,ürük,708,false,expert,wot,,,
H-355_tobecomemad-1-1,H-355_tobecomemad-1,őrül,709,false,expert,wot,,,
OH-355_tobecomemad-1-1,OH-355_tobecomemad-1,eü̯ril,710,false,expert,wot,,,
EAH-355_tobecomemad-1-1,EAH-355_tobecomemad-1,evril,712,false,expert,wot,,,
H-360_whirlpooleddy-1-1,H-360_whirlpooleddy-1,őrém,713,false,expert,wot,,,
OH-360_whirlpooleddy-1-1,OH-360_whirlpooleddy-1,eürem,714,false,expert,wot,,,
EAH-360_whirlpooleddy-1-1,EAH-360_whirlpooleddy-1,eγrim,716,false,expert,wot,,,
H-360_whirlpooleddy-2-1,H-360_whirlpooleddy-2,örmény,717,false,expert,wot,,,
EAH-360_whirlpooleddy-2-1,EAH-360_whirlpooleddy-2,örmen,720,false,expert,wot,,,
H-361_flooddelugestream-1-1,H-361_flooddelugestream-1,özön,721,false,expert,wot,,,
EAH-361_flooddelugestream-1-1,EAH-361_flooddelugestream-1,üzen,724,false,expert,wot,,,
H-363_cheese-1-1,H-363_cheese-1,sajt,725,false,expert,wot,,,
OH-363_cheese-1-1,OH-363_cheese-1,šaχt,726,false,expert,wot,,,
EAH-363_cheese-1-1,EAH-363_cheese-1,čaγt,728,false,expert,wot,,,
H-366_yellow-1-1,H-366_yellow-1,sár,729,false,expert,wot,,,
EAH-366_yellow-1-1,EAH-366_yellow-1,šari,732,false,expert,wot,,,
H-367_dragon-1-1,H-367_dragon-1,sárkány,733,false,expert,wot,,,
EAH-367_dragon-1-1,EAH-367_dragon-1,šārkān,736,false,expert,wot,,,
H-369_atypeofwildonionornithogalum-1-1,H-369_atypeofwildonionornithogalum-1,sárma,737,false,expert,wot,,,
EAH-369_atypeofwildonionornithogalum-1-1,EAH-369_atypeofwildonionornithogalum-1,šarmaγ,740,false,expert,wot,,,
H-371_tent-1-1,H-371_tent-1,sátor,741,false,expert,wot,,,
OH-371_tent-1-1,OH-371_tent-1,šatur,742,false,expert,wot,,,
EAH-371_tent-1-1,EAH-371_tent-1,čatur,744,false,expert,wot,,,
H-373_tosweeptobroom-1-1,H-373_tosweeptobroom-1,seper,745,false,expert,wot,,,
EAH-373_tosweeptobroom-1-1,EAH-373_tosweeptobroom-1,šipir,748,false,expert,wot,,,
H-376_draffleesdregsofwine-1-1,H-376_draffleesdregsofwine-1,seprő,749,false,expert,wot,,,
OH-376_draffleesdregsofwine-1-1,OH-376_draffleesdregsofwine-1,čeprȫ,750,false,expert,wot,,,
EAH-376_draffleesdregsofwine-1-1,EAH-376_draffleesdregsofwine-1,čöpreγ,752,false,expert,wot,,,
H-377_toinjuretohurt-1-1,H-377_toinjuretohurt-1,sér,753,false,expert,wot,,,
EAH-377_toinjuretohurt-1-1,EAH-377_toinjuretohurt-1,šir,756,false,expert,wot,,,
H-379_anit-1-1,H-379_anit-1,serke,757,false,expert,wot,,,
EAH-379_anit-1-1,EAH-379_anit-1,širke,760,false,expert,wot,,,
H-381_alsoshortsheavesusedtostrengthenathatchedroof-1-1,H-381_alsoshortsheavesusedtostrengthenathatchedroof-1,serte,761,false,expert,wot,,,
OH-381_alsoshortsheavesusedtostrengthenathatchedroof-1-1,OH-381_alsoshortsheavesusedtostrengthenathatchedroof-1,širte,762,false,expert,wot,,,
EAH-381_alsoshortsheavesusedtostrengthenathatchedroof-1-1,EAH-381_alsoshortsheavesusedtostrengthenathatchedroof-1,širt,764,false,expert,wot,,,
H-383_smoothsimit-1-1,H-383_smoothsimit-1,sima,765,false,expert,wot,,,
EAH-383_smoothsimit-1-1,EAH-383_smoothsimit-1,šima,768,false,expert,wot,,,
H-385_springwellbrook-1-1,H-385_springwellbrook-1,séd,769,false,expert,wot,,,
OH-385_springwellbrook-1-1,OH-385_springwellbrook-1,šīd,770,false,expert,wot,,,
EAH-385_springwellbrook-1-1,EAH-385_springwellbrook-1,šiu,772,false,expert,wot,,,
H-388_falcon-1-1,H-388_falcon-1,sólyom,773,false,expert,wot,,,
OH-388_falcon-1-1,OH-388_falcon-1,šolʹom,774,false,expert,wot,,,
LAH-388_falcon-1-1,LAH-388_falcon-1,čawlim,775,false,expert,wot,,,
EAH-388_falcon-1-1,EAH-388_falcon-1,čavli,776,false,expert,wot,,,
H-390_dogwoodtreecornelcornus-1-1,H-390_dogwoodtreecornelcornus-1,som,777,false,expert,wot,,,
OH-390_dogwoodtreecornelcornus-1-1,OH-390_dogwoodtreecornelcornus-1,šum,778,false,expert,wot,,,
EAH-390_dogwoodtreecornelcornus-1-1,EAH-390_dogwoodtreecornelcornus-1,čum,780,false,expert,wot,,,
H-391_beer-1-1,H-391_beer-1,sör,781,false,expert,wot,,,
OH-391_beer-1-1,OH-391_beer-1,šer,782,false,expert,wot,,,
EAH-391_beer-1-1,EAH-391_beer-1,šere,784,false,expert,wot,,,
H-393_pikeperchzanderstizostedionlucioperca-1-1,H-393_pikeperchzanderstizostedionlucioperca-1,süllő,785,false,expert,wot,,,
OH-393_pikeperchzanderstizostedionlucioperca-1-1,OH-393_pikeperchzanderstizostedionlucioperca-1,šilleü,786,false,expert,wot,,,
EAH-393_pikeperchzanderstizostedionlucioperca-1-1,EAH-393_pikeperchzanderstizostedionlucioperca-1,šilleγ,788,false,expert,wot,,,
H-395_densethickofwoodsorsoup-1-1,H-395_densethickofwoodsorsoup-1,sűrű,789,false,expert,wot,,,
OH-395_densethickofwoodsorsoup-1-1,OH-395_densethickofwoodsorsoup-1,šireü̯,790,false,expert,wot,,,
EAH-395_densethickofwoodsorsoup-1-1,EAH-395_densethickofwoodsorsoup-1,čireγ,792,false,expert,wot,,,
H-397_brotherinlaw-1-1,H-397_brotherinlaw-1,süv,793,false,expert,wot,,,
OH-397_brotherinlaw-1-1,OH-397_brotherinlaw-1,šiv,794,false,expert,wot,,,
EAH-397_brotherinlaw-1-1,EAH-397_brotherinlaw-1,siγ,796,false,expert,wot,,,
H-399_uvulatherecurvedpointofafishinghookoralanceredwattleonachicken-1-1,H-399_uvulatherecurvedpointofafishinghookoralanceredwattleonachicken-1,szaka,797,false,expert,wot,,,
EAH-399_uvulatherecurvedpointofafishinghookoralanceredwattleonachicken-1-1,EAH-399_uvulatherecurvedpointofafishinghookoralanceredwattleonachicken-1,sakaγ,800,false,expert,wot,,,
H-401_raft-1-1,H-401_raft-1,szál,801,false,expert,wot,,,
EAH-401_raft-1-1,EAH-401_raft-1,sal,804,false,expert,wot,,,
H-403_tohavepityfortoregret-1-1,H-403_tohavepityfortoregret-1,szán,805,false,expert,wot,,,
OH-403_tohavepityfortoregret-1-1,OH-403_tohavepityfortoregret-1,sān,806,false,expert,wot,,,
EAH-403_tohavepityfortoregret-1-1,EAH-403_tohavepityfortoregret-1,saγin,808,false,expert,wot,,,
H-405_trousseaubox-1-1,H-405_trousseaubox-1,szándok,809,false,expert,wot,,,
H-407_lightcolouredyellowishpalepartlybald-1-1,H-407_lightcolouredyellowishpalepartlybald-1,szár,813,false,expert,wot,,,
EAH-407_lightcolouredyellowishpalepartlybald-1-1,EAH-407_lightcolouredyellowishpalepartlybald-1,sar,816,false,expert,wot,,,
H-409_grocergrandhandler-1-1,H-409_grocergrandhandler-1,szatócs,817,false,expert,wot,,,
OH-409_grocergrandhandler-1-1,OH-409_grocergrandhandler-1,satōč,818,false,expert,wot,,,
LAH-409_grocergrandhandler-1-1,LAH-409_grocergrandhandler-1,satiwči,819,false,expert,wot,,,
EAH-409_grocergrandhandler-1-1,EAH-409_grocergrandhandler-1,satiγči,820,false,expert,wot,,,
H-411_wind-1-1,H-411_wind-1,szél,821,false,expert,wot,,,
EAH-411_wind-1-1,EAH-411_wind-1,sēl,824,false,expert,wot,,,
H-419_toslumbertodoze-1-1,H-419_toslumbertodoze-1,szender,825,false,expert,wot,,,
EAH-419_toslumbertodoze-1-1,EAH-419_toslumbertodoze-1,sen,828,false,expert,wot,,,
H-419_toslumbertodoze-2-1,H-419_toslumbertodoze-2,szender,829,false,expert,wot,,,
EAH-419_toslumbertodoze-2-1,EAH-419_toslumbertodoze-2,sön,832,false,expert,wot,,,
H-419_toslumbertodoze-3-1,H-419_toslumbertodoze-3,szöndör,833,false,expert,wot,,,
EAH-419_toslumbertodoze-3-1,EAH-419_toslumbertodoze-3,sen,836,false,expert,wot,,,
H-419_toslumbertodoze-4-1,H-419_toslumbertodoze-4,szöndör,837,false,expert,wot,,,
EAH-419_toslumbertodoze-4-1,EAH-419_toslumbertodoze-4,sön,840,false,expert,wot,,,
H-421_frecklesunspotstain-1-1,H-421_frecklesunspotstain-1,szeplő,841,false,expert,wot,,,
EAH-421_frecklesunspotstain-1-1,EAH-421_frecklesunspotstain-1,sepleγ,844,false,expert,wot,,,
H-423_fumesvapourspiritsalcoholhumours-1-1,H-423_fumesvapourspiritsalcoholhumours-1,szesz,845,false,expert,wot,,,
EAH-423_fumesvapourspiritsalcoholhumours-1-1,EAH-423_fumesvapourspiritsalcoholhumours-1,sis,848,false,expert,wot,,,
H-426_thinhideropestrapusedforembroideryorasawhiprefrozenthinlayerafterthemeltingofsnow-1-1,H-426_thinhideropestrapusedforembroideryorasawhiprefrozenthinlayerafterthemeltingofsnow-1,szirony,849,false,expert,wot,,,
OH-426_thinhideropestrapusedforembroideryorasawhiprefrozenthinlayerafterthemeltingofsnow-1-1,OH-426_thinhideropestrapusedforembroideryorasawhiprefrozenthinlayerafterthemeltingofsnow-1,siron,850,false,expert,wot,,,
LAH-426_thinhideropestrapusedforembroideryorasawhiprefrozenthinlayerafterthemeltingofsnow-1-1,LAH-426_thinhideropestrapusedforembroideryorasawhiprefrozenthinlayerafterthemeltingofsnow-1,sirum,851,false,expert,wot,,,
EAH-426_thinhideropestrapusedforembroideryorasawhiprefrozenthinlayerafterthemeltingofsnow-1-1,EAH-426_thinhideropestrapusedforembroideryorasawhiprefrozenthinlayerafterthemeltingofsnow-1,siyrum,852,false,expert,wot,,,
H-427_rockcliffocciputcrestofmountain-1-1,H-427_rockcliffocciputcrestofmountain-1,szirt,853,false,expert,wot,,,
H-429_akindoffalconpielfalcusgyrfalco-1-1,H-429_akindoffalconpielfalcusgyrfalco-1,szonɡor,857,false,expert,wot,,,
EAH-429_akindoffalconpielfalcusgyrfalco-1-1,EAH-429_akindoffalconpielfalcusgyrfalco-1,sonkor,860,false,expert,wot,,,
H-431_grasshopper-1-1,H-431_grasshopper-1,szöcske,861,false,expert,wot,,,
OH-431_grasshopper-1-1,OH-431_grasshopper-1,sökče,862,false,expert,wot,,,
LAH-431_grasshopper-1-1,LAH-431_grasshopper-1,sökśȫ,863,false,expert,wot,,,
EAH-431_grasshopper-1-1,EAH-431_grasshopper-1,sek,864,false,expert,wot,,,
H-436_grapewinegrapevitisvinifer-1-1,H-436_grapewinegrapevitisvinifer-1,szőlő,865,false,expert,wot,,,
OH-436_grapewinegrapevitisvinifer-1-1,OH-436_grapewinegrapevitisvinifer-1,selleγ,866,false,expert,wot,,,
EAH-436_grapewinegrapevitisvinifer-1-1,EAH-436_grapewinegrapevitisvinifer-1,śeleγ,868,false,expert,wot,,,
H-436_grapewinegrapevitisvinifer-2-1,H-436_grapewinegrapevitisvinifer-2,szöllő,869,false,expert,wot,,,
OH-436_grapewinegrapevitisvinifer-2-1,OH-436_grapewinegrapevitisvinifer-2,selleγ,870,false,expert,wot,,,
EAH-436_grapewinegrapevitisvinifer-2-1,EAH-436_grapewinegrapevitisvinifer-2,śeleγ,872,false,expert,wot,,,
H-437_mosquitognatculexpipens-1-1,H-437_mosquitognatculexpipens-1,szúnyoɡ,873,false,expert,wot,,,
OH-437_mosquitognatculexpipens-1-1,OH-437_mosquitognatculexpipens-1,sunug,874,false,expert,wot,,,
EAH-437_mosquitognatculexpipens-1-1,EAH-437_mosquitognatculexpipens-1,sinuk,876,false,expert,wot,,,
H-439_toceasetostop-1-1,H-439_toceasetostop-1,szzűnik,877,false,expert,wot,,,
OH-439_toceasetostop-1-1,OH-439_toceasetostop-1,sün,878,false,expert,wot,,,
EAH-439_toceasetostop-1-1,EAH-439_toceasetostop-1,sön,880,false,expert,wot,,,
H-441_virginpure-1-1,H-441_virginpure-1,szűz,881,false,expert,wot,,,
OH-441_virginpure-1-1,OH-441_virginpure-1,süz,882,false,expert,wot,,,
EAH-441_virginpure-1-1,EAH-441_virginpure-1,süzök,884,false,expert,wot,,,
H-443_advicecouncil-1-1,H-443_advicecouncil-1,tanács,885,false,expert,wot,,,
EAH-443_advicecouncil-1-1,EAH-443_advicecouncil-1,tanilč,888,false,expert,wot,,,
H-445_tofeedtonourish-1-1,H-445_tofeedtonourish-1,táplál,889,false,expert,wot,,,
OH-445_tofeedtonourish-1-1,OH-445_tofeedtonourish-1,tāplā,890,false,expert,wot,,,
EAH-445_tofeedtonourish-1-1,EAH-445_tofeedtonourish-1,taplaγ,892,false,expert,wot,,,
H-447_bald-1-1,H-447_bald-1,tar,893,false,expert,wot,,,
EAH-447_bald-1-1,EAH-447_bald-1,tar,896,false,expert,wot,,,
H-449_ploughfieldarablefieldstubblefield-1-1,H-449_ploughfieldarablefieldstubblefield-1,tarló,897,false,expert,wot,,,
EAH-449_ploughfieldarablefieldstubblefield-1-1,EAH-449_ploughfieldarablefieldstubblefield-1,tarlaγ,900,false,expert,wot,,,
H-451_tatar-1-1,H-451_tatar-1,tatár,901,false,expert,wot,,,
EAH-451_tatar-1-1,EAH-451_tatar-1,tatar,904,false,expert,wot,,,
H-453_nameofseveralkindsofplantseganemosphorosbuniasorientalisnapuscrambetataricastormwind-1-1,H-453_nameofseveralkindsofplantseganemosphorosbuniasorientalisnapuscrambetataricastormwind-1,tátorján,905,false,expert,wot,,,
OH-453_nameofseveralkindsofplantseganemosphorosbuniasorientalisnapuscrambetataricastormwind-1-1,OH-453_nameofseveralkindsofplantseganemosphorosbuniasorientalisnapuscrambetataricastormwind-1,tāturyan,906,false,expert,wot,,,
EAH-453_nameofseveralkindsofplantseganemosphorosbuniasorientalisnapuscrambetataricastormwind-1-1,EAH-453_nameofseveralkindsofplantseganemosphorosbuniasorientalisnapuscrambetataricastormwind-1,taturγan,908,false,expert,wot,,,
H-455_troughwashtubhutch-1-1,H-455_troughwashtubhutch-1,teknő,909,false,expert,wot,,,
OH-455_troughwashtubhutch-1-1,OH-455_troughwashtubhutch-1,tekenȫ,910,false,expert,wot,,,
EAH-455_troughwashtubhutch-1-1,EAH-455_troughwashtubhutch-1,tekeneγ,912,false,expert,wot,,,
H-457_apieceoflandfieldparcelpatchahigherplacewhereanimalsrestandaccumulatedung-1-1,H-457_apieceoflandfieldparcelpatchahigherplacewhereanimalsrestandaccumulatedung-1,telek,913,false,expert,wot,,,
EAH-457_apieceoflandfieldparcelpatchahigherplacewhereanimalsrestandaccumulatedung-1-1,EAH-457_apieceoflandfieldparcelpatchahigherplacewhereanimalsrestandaccumulatedung-1,telük,916,false,expert,wot,,,
H-459_axle-1-1,H-459_axle-1,tenɡely,917,false,expert,wot,,,
EAH-459_axle-1-1,EAH-459_axle-1,tengel,920,false,expert,wot,,,
H-462_toturntochangetheoriginaldirection-1-1,H-462_toturntochangetheoriginaldirection-1,térül,921,false,expert,wot,,,
OH-462_toturntochangetheoriginaldirection-1-1,OH-462_toturntochangetheoriginaldirection-1,tēr,922,false,expert,wot,,,
EAH-462_toturntochangetheoriginaldirection-1-1,EAH-462_toturntochangetheoriginaldirection-1,tevir,924,false,expert,wot,,,
H-463_knee-1-1,H-463_knee-1,térd,925,false,expert,wot,,,
EAH-463_knee-1-1,EAH-463_knee-1,tīr,928,false,expert,wot,,,
H-465_camel-1-1,H-465_camel-1,teve,929,false,expert,wot,,,
EAH-465_camel-1-1,EAH-465_camel-1,teve,932,false,expert,wot,,,
H-467_steeryoungbullockox-1-1,H-467_steeryoungbullockox-1,tinó,933,false,expert,wot,,,
EAH-467_steeryoungbullockox-1-1,EAH-467_steeryoungbullockox-1,tana,936,false,expert,wot,,,
H-469_tolayeggs-1-1,H-469_tolayeggs-1,tojik,937,false,expert,wot,,,
OH-469_tolayeggs-1-1,OH-469_tolayeggs-1,tuik,938,false,expert,wot,,,
LAH-469_tolayeggs-1-1,LAH-469_tolayeggs-1,tuγik,939,false,expert,wot,,,
EAH-469_tolayeggs-1-1,EAH-469_tolayeggs-1,tuγ,940,false,expert,wot,,,
H-471_oneyearoldlamb-1-1,H-471_oneyearoldlamb-1,toklyó,941,false,expert,wot,,,
OH-471_oneyearoldlamb-1-1,OH-471_oneyearoldlamb-1,toklʹu,942,false,expert,wot,,,
EAH-471_oneyearoldlamb-1-1,EAH-471_oneyearoldlamb-1,toklu,944,false,expert,wot,,,
H-473_horseradisharmoraciarusticana-1-1,H-473_horseradisharmoraciarusticana-1,torma,945,false,expert,wot,,,
EAH-473_horseradisharmoraciarusticana-1-1,EAH-473_horseradisharmoraciarusticana-1,turma,948,false,expert,wot,,,
H-475_topileuptobecomeblocked-1-1,H-475_topileuptobecomeblocked-1,torlik,949,false,expert,wot,,,
OH-475_topileuptobecomeblocked-1-1,OH-475_topileuptobecomeblocked-1,torol,950,false,expert,wot,,,
LAH-475_topileuptobecomeblocked-1-1,LAH-475_topileuptobecomeblocked-1,toro,951,false,expert,wot,,,
EAH-475_topileuptobecomeblocked-1-1,EAH-475_topileuptobecomeblocked-1,toro,952,false,expert,wot,,,
H-477_slovak-1-1,H-477_slovak-1,tót,953,false,expert,wot,,,
OH-477_slovak-1-1,OH-477_slovak-1,tat,954,false,expert,wot,,,
EAH-477_slovak-1-1,EAH-477_slovak-1,tāt,956,false,expert,wot,,,
H-479_innumerable-1-1,H-479_innumerable-1,töméntelen,957,false,expert,wot,,,
OH-479_innumerable-1-1,OH-479_innumerable-1,tömēń,958,false,expert,wot,,,
EAH-479_innumerable-1-1,EAH-479_innumerable-1,tümen,960,false,expert,wot,,,
H-481_snaretrap-1-1,H-481_snaretrap-1,tőr,961,false,expert,wot,,,
EAH-481_snaretrap-1-1,EAH-481_snaretrap-1,tȫr,964,false,expert,wot,,,
H-483_tohappentooccur-1-1,H-483_tohappentooccur-1,történik,965,false,expert,wot,,,
OH-483_tohappentooccur-1-1,OH-483_tohappentooccur-1,törtēn,966,false,expert,wot,,,
EAH-483_tohappentooccur-1-1,EAH-483_tohappentooccur-1,törtün,968,false,expert,wot,,,
H-485_peatturfdrieddung-1-1,H-485_peatturfdrieddung-1,tőzeɡ,969,false,expert,wot,,,
EAH-485_peatturfdrieddung-1-1,EAH-485_peatturfdrieddung-1,tözek,972,false,expert,wot,,,
H-487_cottagecheesecheesecurds-1-1,H-487_cottagecheesecheesecurds-1,túró,973,false,expert,wot,,,
OH-487_cottagecheesecheesecurds-1-1,OH-487_cottagecheesecheesecurds-1,turō,974,false,expert,wot,,,
EAH-487_cottagecheesecheesecurds-1-1,EAH-487_cottagecheesecheesecurds-1,toraγ,976,false,expert,wot,,,
H-489_bustardotis-1-1,H-489_bustardotis-1,túzok,977,false,expert,wot,,,
EAH-489_bustardotis-1-1,EAH-489_bustardotis-1,toγzak,980,false,expert,wot,,,
H-493_mirror-1-1,H-493_mirror-1,tükör,981,false,expert,wot,,,
EAH-493_mirror-1-1,EAH-493_mirror-1,tiker,984,false,expert,wot,,,
H-493_mirror-2-1,H-493_mirror-2,tükör,985,false,expert,wot,,,
EAH-493_mirror-2-1,EAH-493_mirror-2,tüker,988,false,expert,wot,,,
H-495_torollupascrolloronessleeves-1-1,H-495_torollupascrolloronessleeves-1,tűr,989,false,expert,wot,,,
EAH-495_torollupascrolloronessleeves-1-1,EAH-495_torollupascrolloronessleeves-1,tür,992,false,expert,wot,,,
H-497_owlstrix-1-1,H-497_owlstrix-1,uɡ,993,false,expert,wot,,,
EAH-497_owlstrix-1-1,EAH-497_owlstrix-1,ugu,996,false,expert,wot,,,
H-499_torefreshoneselftoresttobecomecured-1-1,H-499_torefreshoneselftoresttobecomecured-1,üdül,997,false,expert,wot,,,
OH-499_torefreshoneselftoresttobecomecured-1-1,OH-499_torefreshoneselftoresttobecomecured-1,idül,998,false,expert,wot,,,
LAH-499_torefreshoneselftoresttobecomecured-1-1,LAH-499_torefreshoneselftoresttobecomecured-1,edül,999,false,expert,wot,,,
EAH-499_torefreshoneselftoresttobecomecured-1-1,EAH-499_torefreshoneselftoresttobecomecured-1,edü,1000,false,expert,wot,,,
H-501_heiferroedoe-1-1,H-501_heiferroedoe-1,ünő,1001,false,expert,wot,,,
OH-501_heiferroedoe-1-1,OH-501_heiferroedoe-1,inȫ,1002,false,expert,wot,,,
LAH-501_heiferroedoe-1-1,LAH-501_heiferroedoe-1,ineü,1003,false,expert,wot,,,
EAH-501_heiferroedoe-1-1,EAH-501_heiferroedoe-1,ineγ,1004,false,expert,wot,,,
H-503_groundsquirrelcitelluscitellus-1-1,H-503_groundsquirrelcitelluscitellus-1,ürɡe,1005,false,expert,wot,,,
EAH-503_groundsquirrelcitelluscitellus-1-1,EAH-503_groundsquirrelcitelluscitellus-1,ürge,1008,false,expert,wot,,,
H-505_wormwoodartemisiabitterness-1-1,H-505_wormwoodartemisiabitterness-1,üröm,1009,false,expert,wot,,,
OH-505_wormwoodartemisiabitterness-1-1,OH-505_wormwoodartemisiabitterness-1,irim,1010,false,expert,wot,,,
EAH-505_wormwoodartemisiabitterness-1-1,EAH-505_wormwoodartemisiabitterness-1,erim,1012,false,expert,wot,,,
H-508_hotembersextinguishedembers-1-1,H-508_hotembersextinguishedembers-1,üszök,1013,false,expert,wot,,,
EAH-508_hotembersextinguishedembers-1-1,EAH-508_hotembersextinguishedembers-1,isüg,1016,false,expert,wot,,,
H-509_oneyearoldfemalesheep-1-1,H-509_oneyearoldfemalesheep-1,üvecs,1017,false,expert,wot,,,
EAH-509_oneyearoldfemalesheep-1-1,EAH-509_oneyearoldfemalesheep-1,öveč,1020,false,expert,wot,,,
H-511_troughtray-1-1,H-511_troughtray-1,vályú,1021,false,expert,wot,,,
OH-511_troughtray-1-1,OH-511_troughtray-1,valʹū,1022,false,expert,wot,,,
LAH-511_troughtray-1-1,LAH-511_troughtray-1,vālū,1023,false,expert,wot,,,
EAH-511_troughtray-1-1,EAH-511_troughtray-1,valaγ,1024,false,expert,wot,,,
H-514_aholeintheiceforfishing-1-1,H-514_aholeintheiceforfishing-1,lék,1025,false,expert,wot,,,
EAH-514_aholeintheiceforfishing-1-1,EAH-514_aholeintheiceforfishing-1,vekü,1028,false,expert,wot,,,
H-515_guest-1-1,H-515_guest-1,vendéɡ,1029,false,expert,wot,,,
EAH-515_guest-1-1,EAH-515_guest-1,vendeg,1032,false,expert,wot,,,
H-517_gablefrontispiece-1-1,H-517_gablefrontispiece-1,vértelek,1033,false,expert,wot,,,
EAH-517_gablefrontispiece-1-1,EAH-517_gablefrontispiece-1,vertelük,1036,false,expert,wot,,,
