ID,Local_ID,Language_ID,Parameter_ID,Value,Form,Segments,Comment,Source,Cognacy,Loan,Graphemes,Profile
H-1_cannoncatapult-1,,H,1_cannoncatapult,ágyú,ágyú,,,wot,1,,,
OH-1_cannoncatapult-1,,OH,1_cannoncatapult,āldʹū,āldʹū,,,wot,1,,,
LAH-1_cannoncatapult-1,,LAH,1_cannoncatapult,aldau̯,aldau̯,,,wot,1,,,
EAH-1_cannoncatapult-1,,EAH,1_cannoncatapult,aldaγ,aldaγ,,,wot,1,,,
H-6_streamcurrent-1,,H,6_streamcurrent,ákos,ákos,,,wot,2,,,
H-6_streamcurrent-2,,H,6_streamcurrent,áɡos,áɡos,,,wot,3,,,
H-7_falseimitation-1,,H,7_falseimitation,ál,ál,,,wot,4,,,
EAH-7_falseimitation-1,,EAH,7_falseimitation,āl,āl,,,wot,4,,,
H-11_piedofananimalscoat-1,,H,11_piedofananimalscoat,alacs,alacs,,,wot,5,,,
EAH-11_piedofananimalscoat-1,,EAH,11_piedofananimalscoat,alač,alač,,,wot,5,,,
H-11_piedofananimalscoat-2,,H,11_piedofananimalscoat,alacs,alacs,,,wot,6,,,
EAH-11_piedofananimalscoat-2,,EAH,11_piedofananimalscoat,alač,alač,,,wot,6,,,
H-14_barrelwoodencontainerandstandardquantity-1,,H,14_barrelwoodencontainerandstandardquantity,általaɡ,általaɡ,,,wot,7,,,
EAH-14_barrelwoodencontainerandstandardquantity-1,,EAH,14_barrelwoodencontainerandstandardquantity,altalag,altalag,,,wot,7,,,
H-15_tonursetakecareof-1,,H,15_tonursetakecareof,ápol,ápol,,,wot,8,,,
OH-15_tonursetakecareof-1,,OH,15_tonursetakecareof,apol,apol,,,wot,8,,,
EAH-15_tonursetakecareof-1,,EAH,15_tonursetakecareof,op,op,,,wot,8,,,
H-17_smalltiny-1,,H,17_smalltiny,apró,apró,,,wot,9,,,
OH-17_smalltiny-1,,OH,17_smalltiny,oprau̯,oprau̯,,,wot,9,,,
EAH-17_smalltiny-1,,EAH,17_smalltiny,opuruγ,opuruγ,,,wot,9,,,
H-19_tomow-1,,H,19_tomow,arat,arat,,,wot,10,,,
EAH-19_tomow-1,,EAH,19_tomow,orat,orat,,,wot,10,,,
H-21_toharm-1,,H,21_toharm,árt,árt,,,wot,11,,,
EAH-21_toharm-1,,EAH,21_toharm,ārtat,ārtat,,,wot,11,,,
H-23_ditchcanal-1,,H,23_ditchcanal,árok,árok,,,wot,12,,,
EAH-23_ditchcanal-1,,EAH,23_ditchcanal,āruk,āruk,,,wot,12,,,
H-25_barrow-1,,H,25_barrow,ártány,ártány,,,wot,13,,,
EAH-25_barrow-1,,EAH,25_barrow,aritan,aritan,,,wot,13,,,
H-27_charm-1,,H,27_charm,báj,báj,,,wot,14,,,
EAH-27_charm-1,,EAH,27_charm,bay,bay,,,wot,14,,,
H-29_hatchetaxe-1,,H,29_hatchetaxe,balta,balta,,,wot,15,,,
EAH-29_hatchetaxe-1,,EAH,29_hatchetaxe,balta,balta,,,wot,15,,,
H-31_governorofcroatiagovernorofthesouthernmarches-1,,H,31_governorofcroatiagovernorofthesouthernmarches,bán,bán,,,wot,16,,,
H-33_hairybushyofdogsabighairydogasnoun-1,,H,33_hairybushyofdogsabighairydogasnoun,baráɡ,baráɡ,,,wot,17,,,
EAH-33_hairybushyofdogsabighairydogasnoun-1,,EAH,33_hairybushyofdogsabighairydogasnoun,barag,barag,,,wot,17,,,
H-35_cattlelivestock-1,,H,35_cattlelivestock,barom,barom,,,wot,18,,,
EAH-35_cattlelivestock-1,,EAH,35_cattlelivestock,barum,barum,,,wot,18,,,
H-37_tofuck-1,,H,37_tofuck,baszik,baszik,,,wot,19,,,
EAH-37_tofuck-1,,EAH,37_tofuck,bas,bas,,,wot,19,,,
H-39_frog-1,,H,39_frog,béka,béka,,,wot,20,,,
EAH-39_frog-1,,EAH,39_frog,baka,baka,,,wot,20,,,
H-42_hobbleshacklelegiron-1,,H,42_hobbleshacklelegiron,béklyó,béklyó,,,wot,21,,,
EAH-42_hobbleshacklelegiron-1,,EAH,42_hobbleshacklelegiron,bikaγu,bikaγu,,,wot,21,,,
H-43_stampbondmark-1,,H,43_stampbondmark,bélyeɡ,bélyeɡ,,,wot,22,,,
OH-43_stampbondmark-1,,OH,43_stampbondmark,bēlʹeg,bēlʹeg,,,wot,22,,,
EAH-43_stampbondmark-1,,EAH,43_stampbondmark,beleg,beleg,,,wot,22,,,
H-46_togive-1,,H,46_togive,bercel,bercel,,,wot,23,,,
OH-46_togive-1,,OH,46_togive,bercel,bercel,,,wot,23,,,
EAH-46_togive-1,,EAH,46_togive,bersil,bersil,,,wot,23,,,
H-47_grainorsmallglobuleofpreciousmetal-1,,H,47_grainorsmallglobuleofpreciousmetal,bertű,bertű,,,wot,24,,,
OH-47_grainorsmallglobuleofpreciousmetal-1,,OH,47_grainorsmallglobuleofpreciousmetal,börtǖ,börtǖ,,,wot,24,,,
LAH-47_grainorsmallglobuleofpreciousmetal-1,,LAH,47_grainorsmallglobuleofpreciousmetal,börteü̯,börteü̯,,,wot,24,,,
EAH-47_grainorsmallglobuleofpreciousmetal-1,,EAH,47_grainorsmallglobuleofpreciousmetal,bürtiγ,bürtiγ,,,wot,24,,,
H-49_pechenegnameofatribe-1,,H,49_pechenegnameofatribe,besenyő,besenyő,,,wot,25,,,
OH-49_pechenegnameofatribe-1,,OH,49_pechenegnameofatribe,bešeneü̯,bešeneü̯,,,wot,25,,,
EAH-49_pechenegnameofatribe-1,,EAH,49_pechenegnameofatribe,bešeneγ,bešeneγ,,,wot,25,,,
H-53_pocketknife-1,,H,53_pocketknife,bicsak,bicsak,,,wot,26,,,
EAH-53_pocketknife-1,,EAH,53_pocketknife,bičak,bičak,,,wot,26,,,
H-53_pocketknife-2,,H,53_pocketknife,bicsak,bicsak,,,wot,27,,,
EAH-53_pocketknife-2,,EAH,53_pocketknife,bičak,bičak,,,wot,27,,,
H-55_shackles-1,,H,55_shackles,bilincs,bilincs,,,wot,28,,,
OH-55_shackles-1,,OH,55_shackles,bilinček,bilinček,,,wot,28,,,
EAH-55_shackles-1,,EAH,55_shackles,bileček,bileček,,,wot,28,,,
H-57_tobeforgivenbocsanat-1,,H,57_tobeforgivenbocsanat,bocsánik,bocsánik,,,wot,29,,,
OH-57_tobeforgivenbocsanat-1,,OH,57_tobeforgivenbocsanat,bočan,bočan,,,wot,29,,,
EAH-57_tobeforgivenbocsanat-1,,EAH,57_tobeforgivenbocsanat,bolčan,bolčan,,,wot,29,,,
H-59_bucklerwithhandlehandleofdifferentarms-1,,H,59_bucklerwithhandlehandleofdifferentarms,bóda,bóda,,,wot,30,,,
OH-59_bucklerwithhandlehandleofdifferentarms-1,,OH,59_bucklerwithhandlehandleofdifferentarms,boldå,boldå,,,wot,30,,,
EAH-59_bucklerwithhandlehandleofdifferentarms-1,,EAH,59_bucklerwithhandlehandleofdifferentarms,baldaw,baldaw,,,wot,30,,,
H-61_stackofhay-1,,H,61_stackofhay,boɡlya,boɡlya,,,wot,31,,,
OH-61_stackofhay-1,,OH,61_stackofhay,boglʹå,boglʹå,,,wot,31,,,
LAH-61_stackofhay-1,,LAH,61_stackofhay,bogulʹa,bogulʹa,,,wot,31,,,
EAH-61_stackofhay-1,,EAH,61_stackofhay,bogul,bogul,,,wot,31,,,
H-63_burdockarctiumsp-1,,H,63_burdockarctiumsp,bojtorján,bojtorján,,,wot,32,,,
EAH-63_burdockarctiumsp-1,,EAH,63_burdockarctiumsp,balturγan,balturγan,,,wot,32,,,
H-66_ankleboot-1,,H,66_ankleboot,bakancs,bakancs,,,wot,33,,,
EAH-66_ankleboot-1,,EAH,66_ankleboot,bokå,bokå,,,wot,33,,,
H-67_anthill-1,,H,67_anthill,boly,boly,,,wot,34,,,
OH-67_anthill-1,,OH,67_anthill,bolʹ,bolʹ,,,wot,34,,,
EAH-67_anthill-1,,EAH,67_anthill,boγol,boγol,,,wot,34,,,
H-70_tocovertooverturn-1,,H,70_tocovertooverturn,bor,bor,,,wot,35,,,
EAH-70_tocovertooverturn-1,,EAH,70_tocovertooverturn,bur,bur,,,wot,35,,,
H-71_calf-1,,H,71_calf,borjú,borjú,,,wot,36,,,
OH-71_calf-1,,OH,71_calf,burγu,burγu,,,wot,36,,,
EAH-71_calf-1,,EAH,71_calf,buraγu,buraγu,,,wot,36,,,
H-73_peapisumsativumbean-1,,H,73_peapisumsativumbean,borsó,borsó,,,wot,37,,,
OH-73_peapisumsativumbean-1,,OH,73_peapisumsativumbean,buršau̯,buršau̯,,,wot,37,,,
EAH-73_peapisumsativumbean-1,,EAH,73_peapisumsativumbean,burčaγ,burčaγ,,,wot,37,,,
H-75_witchsorceress-1,,H,75_witchsorceress,boszorkány,boszorkány,,,wot,38,,,
EAH-75_witchsorceress-1,,EAH,75_witchsorceress,basarkan,basarkan,,,wot,38,,,
H-77_revenge-1,,H,77_revenge,boszszú,boszszú,,,wot,39,,,
OH-77_revenge-1,,OH,77_revenge,bossou̯,bossou̯,,,wot,39,,,
EAH-77_revenge-1,,EAH,77_revenge,bosuγ,bosuγ,,,wot,39,,,
H-81_stickcane-1,,H,81_stickcane,bot,bot,,,wot,40,,,
OH-81_stickcane-1,,OH,81_stickcane,buti,buti,,,wot,40,,,
LAH-81_stickcane-1,,LAH,81_stickcane,butu,butu,,,wot,40,,,
EAH-81_stickcane-1,,EAH,81_stickcane,butiγ,butiγ,,,wot,40,,,
H-81_stickcane-2,,H,81_stickcane,but,but,,,wot,41,,,
OH-81_stickcane-2,,OH,81_stickcane,buti,buti,,,wot,41,,,
LAH-81_stickcane-2,,LAH,81_stickcane,butu,butu,,,wot,41,,,
EAH-81_stickcane-2,,EAH,81_stickcane,butiγ,butiγ,,,wot,41,,,
H-83_richabundantroomy-1,,H,83_richabundantroomy,bő,bő,,,wot,42,,,
OH-83_richabundantroomy-1,,OH,83_richabundantroomy,beü̯,beü̯,,,wot,42,,,
EAH-83_richabundantroomy-1,,EAH,83_richabundantroomy,beγ,beγ,,,wot,42,,,
H-85_fasting-1,,H,85_fasting,böjt,böjt,,,wot,43,,,
OH-85_fasting-1,,OH,85_fasting,büχt,büχt,,,wot,43,,,
EAH-85_fasting-1,,EAH,85_fasting,büγte,büγte,,,wot,43,,,
H-87_cradle-1,,H,87_cradle,bölcső,bölcső,,,wot,44,,,
OH-87_cradle-1,,OH,87_cradle,belčȫ,belčȫ,,,wot,44,,,
EAH-87_cradle-1,,EAH,87_cradle,belčeγ,belčeγ,,,wot,44,,,
H-89_prisonjail-1,,H,89_prisonjail,börtön,börtön,,,wot,45,,,
EAH-89_prisonjail-1,,EAH,89_prisonjail,berten,berten,,,wot,45,,,
H-91_farewellindulgencededicationfestivalannualparishfeast-1,,H,91_farewellindulgencededicationfestivalannualparishfeast,búcsú,búcsú,,,wot,46,,,
OH-91_farewellindulgencededicationfestivalannualparishfeast-1,,OH,91_farewellindulgencededicationfestivalannualparishfeast,bulčū,bulčū,,,wot,46,,,
LAH-91_farewellindulgencededicationfestivalannualparishfeast-1,,LAH,91_farewellindulgencededicationfestivalannualparishfeast,bulčū,bulčū,,,wot,46,,,
EAH-91_farewellindulgencededicationfestivalannualparishfeast-1,,EAH,91_farewellindulgencededicationfestivalannualparishfeast,bulčuγ,bulčuγ,,,wot,46,,,
H-93_volgabulgar-1,,H,93_volgabulgar,bular,bular,,,wot,47,,,
EAH-93_volgabulgar-1,,EAH,93_volgabulgar,bular,bular,,,wot,47,,,
H-95_wheattriticum-1,,H,95_wheattriticum,búza,búza,,,wot,48,,,
OH-95_wheattriticum-1,,OH,95_wheattriticum,būza,būza,,,wot,48,,,
EAH-95_wheattriticum-1,,EAH,95_wheattriticum,buγzai,buγzai,,,wot,48,,,
H-97_beech-1,,H,97_beech,bük,bük,,,wot,49,,,
EAH-97_beech-1,,EAH,97_beech,bik,bik,,,wot,49,,,
H-99_bluntendofsomethingarodwithanendcutobtuseendofafieldstriptheshortersideorendofapieceoffurniturefootofthehill-1,,H,99_bluntendofsomethingarodwithanendcutobtuseendofafieldstriptheshortersideorendofapieceoffurniturefootofthehill,bütü,bütü,,,wot,50,,,
EAH-99_bluntendofsomethingarodwithanendcutobtuseendofafieldstriptheshortersideorendofapieceoffurniturefootofthehill-1,,EAH,99_bluntendofsomethingarodwithanendcutobtuseendofafieldstriptheshortersideorendofapieceoffurniturefootofthehill,bütüγ,bütüγ,,,wot,50,,,
H-101_akindofwillowsalixelgnos-1,,H,101_akindofwillowsalixelgnos,ciɡle,ciɡle,,,wot,51,,,
EAH-101_akindofwillowsalixelgnos-1,,EAH,101_akindofwillowsalixelgnos,čigle,čigle,,,wot,51,,,
H-105_trapsnareforcatchingbirdsbirdcage-1,,H,105_trapsnareforcatchingbirdsbirdcage,csëkle,csëkle,,,wot,52,,,
EAH-105_trapsnareforcatchingbirdsbirdcage-1,,EAH,105_trapsnareforcatchingbirdsbirdcage,čikle,čikle,,,wot,52,,,
H-105_trapsnareforcatchingbirdsbirdcage-2,,H,105_trapsnareforcatchingbirdsbirdcage,csikle,csikle,,,wot,53,,,
EAH-105_trapsnareforcatchingbirdsbirdcage-2,,EAH,105_trapsnareforcatchingbirdsbirdcage,čikle,čikle,,,wot,53,,,
H-107_akindofwillow-1,,H,107_akindofwillow,csiɡla,csiɡla,,,wot,54,,,
EAH-107_akindofwillow-1,,EAH,107_akindofwillow,čigla,čigla,,,wot,54,,,
H-111_akindofwolfsmilkeasterflowereuphorbia-1,,H,111_akindofwolfsmilkeasterflowereuphorbia,cötkény,cötkény,,,wot,55,,,
EAH-111_akindofwolfsmilkeasterflowereuphorbia-1,,EAH,111_akindofwolfsmilkeasterflowereuphorbia,sütken,sütken,,,wot,55,,,
H-111_akindofwolfsmilkeasterflowereuphorbia-2,,H,111_akindofwolfsmilkeasterflowereuphorbia,cötkény,cötkény,,,wot,56,,,
EAH-111_akindofwolfsmilkeasterflowereuphorbia-2,,EAH,111_akindofwolfsmilkeasterflowereuphorbia,süttegen,süttegen,,,wot,56,,,
H-113_onlyjust-1,,H,113_onlyjust,csak,csak,,,wot,57,,,
EAH-113_onlyjust-1,,EAH,113_onlyjust,čak,čak,,,wot,57,,,
H-117_nettleurtica-1,,H,117_nettleurtica,csalán,csalán,,,wot,58,,,
EAH-117_nettleurtica-1,,EAH,117_nettleurtica,čalān,čalān,,,wot,58,,,
H-117_nettleurtica-2,,H,117_nettleurtica,csalán,csalán,,,wot,59,,,
EAH-117_nettleurtica-2,,EAH,117_nettleurtica,čalaγan,čalaγan,,,wot,59,,,
H-119_thicketbrushwooddryfoliagegrovemeadow-1,,H,119_thicketbrushwooddryfoliagegrovemeadow,csalit,csalit,,,wot,60,,,
EAH-119_thicketbrushwooddryfoliagegrovemeadow-1,,EAH,119_thicketbrushwooddryfoliagegrovemeadow,čalit,čalit,,,wot,60,,,
H-122_fightingtrooparmygroupbattlequarrelhubbubflock-1,,H,122_fightingtrooparmygroupbattlequarrelhubbubflock,csata,csata,,,wot,61,,,
EAH-122_fightingtrooparmygroupbattlequarrelhubbubflock-1,,EAH,122_fightingtrooparmygroupbattlequarrelhubbubflock,čata,čata,,,wot,61,,,
H-123_toaddtojointobuckleupsomething-1,,H,123_toaddtojointobuckleupsomething,csatol,csatol,,,wot,62,,,
OH-123_toaddtojointobuckleupsomething-1,,OH,123_toaddtojointobuckleupsomething,čatol,čatol,,,wot,62,,,
EAH-123_toaddtojointobuckleupsomething-1,,EAH,123_toaddtojointobuckleupsomething,čat,čat,,,wot,62,,,
H-126_measlesmallpoxpocksskineruptiondecorativeembroidery-1,,H,126_measlesmallpoxpocksskineruptiondecorativeembroidery,csécs,csécs,,,wot,63,,,
EAH-126_measlesmallpoxpocksskineruptiondecorativeembroidery-1,,EAH,126_measlesmallpoxpocksskineruptiondecorativeembroidery,čëč,čëč,,,wot,63,,,
H-127_tobindsomething-1,,H,127_tobindsomething,csekél,csekél,,,wot,64,,,
OH-127_tobindsomething-1,,OH,127_tobindsomething,ček,ček,,,wot,64,,,
EAH-127_tobindsomething-1,,EAH,127_tobindsomething,čik,čik,,,wot,64,,,
H-130_awineoflowqualityafruitwine-1,,H,130_awineoflowqualityafruitwine,csiɡer,csiɡer,,,wot,65,,,
EAH-130_awineoflowqualityafruitwine-1,,EAH,130_awineoflowqualityafruitwine,čigir,čigir,,,wot,65,,,
H-131_secretionmucusdischargedfromtheeyes-1,,H,131_secretionmucusdischargedfromtheeyes,csipa,csipa,,,wot,66,,,
EAH-131_secretionmucusdischargedfromtheeyes-1,,EAH,131_secretionmucusdischargedfromtheeyes,čapa,čapa,,,wot,66,,,
H-133_acarpentersaxewithalonghelve-1,,H,133_acarpentersaxewithalonghelve,csomak,csomak,,,wot,67,,,
EAH-133_acarpentersaxewithalonghelve-1,,EAH,133_acarpentersaxewithalonghelve,čomak,čomak,,,wot,67,,,
H-136_stallion-1,,H,136_stallion,csődör,csődör,,,wot,68,,,
EAH-136_stallion-1,,EAH,136_stallion,čeü̯dür,čeü̯dür,,,wot,68,,,
H-137_sexualorganoflargemaleanimalsofabullawhipmadefromit-1,,H,137_sexualorganoflargemaleanimalsofabullawhipmadefromit,csök,csök,,,wot,69,,,
EAH-137_sexualorganoflargemaleanimalsofabullawhipmadefromit-1,,EAH,137_sexualorganoflargemaleanimalsofabullawhipmadefromit,čük,čük,,,wot,69,,,
H-139_tobecomesmallerremainsmalltoswaytotottertosprain-1,,H,139_tobecomesmallerremainsmalltoswaytotottertosprain,csökik,csökik,,,wot,70,,,
OH-139_tobecomesmallerremainsmalltoswaytotottertosprain-1,,OH,139_tobecomesmallerremainsmalltoswaytotottertosprain,čök,čök,,,wot,70,,,
EAH-139_tobecomesmallerremainsmalltoswaytotottertosprain-1,,EAH,139_tobecomesmallerremainsmalltoswaytotottertosprain,čük,čük,,,wot,70,,,
H-141_fieldguardheraldturkishenvoy-1,,H,141_fieldguardheraldturkishenvoy,csősz,csősz,,,wot,71,,,
EAH-141_fieldguardheraldturkishenvoy-1,,EAH,141_fieldguardheraldturkishenvoy,čäüš,čäüš,,,wot,71,,,
H-143_towindtoturntodistrortmisinterprettospinayarn-1,,H,143_towindtoturntodistrortmisinterprettospinayarn,csűr,csűr,,,wot,72,,,
EAH-143_towindtoturntodistrortmisinterprettospinayarn-1,,EAH,143_towindtoturntodistrortmisinterprettospinayarn,čevür,čevür,,,wot,72,,,
H-145_excellentworthless-1,,H,145_excellentworthless,daksi,daksi,,,wot,73,,,
EAH-145_excellentworthless-1,,EAH,145_excellentworthless,ǰakši,ǰakši,,,wot,73,,,
H-148_gristgroatssofthail-1,,H,148_gristgroatssofthail,dara,dara,,,wot,74,,,
EAH-148_gristgroatssofthail-1,,EAH,148_gristgroatssofthail,dara,dara,,,wot,74,,,
H-152_noonsouth-1,,H,152_noonsouth,dél,dél,,,wot,75,,,
EAH-152_noonsouth-1,,EAH,152_noonsouth,töli,töli,,,wot,75,,,
H-152_noonsouth-2,,H,152_noonsouth,dél,dél,,,wot,76,,,
EAH-152_noonsouth-2,,EAH,152_noonsouth,döli,döli,,,wot,76,,,
H-154_nutwalnutjuglans-1,,H,154_nutwalnutjuglans,dió,dió,,,wot,77,,,
OH-154_nutwalnutjuglans-1,,OH,154_nutwalnutjuglans,ǰiwo,ǰiwo,,,wot,77,,,
LAH-154_nutwalnutjuglans-1,,LAH,154_nutwalnutjuglans,ǰiγau̯,ǰiγau̯,,,wot,77,,,
EAH-154_nutwalnutjuglans-1,,EAH,154_nutwalnutjuglans,ǰiγaγ,ǰiγaγ,,,wot,77,,,
H-155_pigsusdomestica-1,,H,155_pigsusdomestica,disznó,disznó,,,wot,78,,,
EAH-155_pigsusdomestica-1,,EAH,155_pigsusdomestica,ǰisnaγ,ǰisnaγ,,,wot,78,,,
H-157_toleantoppleoverstreamdown-1,,H,157_toleantoppleoverstreamdown,dől,dől,,,wot,79,,,
OH-157_toleantoppleoverstreamdown-1,,OH,157_toleantoppleoverstreamdown,dǖl,dǖl,,,wot,79,,,
EAH-157_toleantoppleoverstreamdown-1,,EAH,157_toleantoppleoverstreamdown,dül,dül,,,wot,79,,,
H-159_tosqueezetothrustinto-1,,H,159_tosqueezetothrustinto,duɡ,duɡ,,,wot,80,,,
EAH-159_tosqueezetothrustinto-1,,EAH,159_tosqueezetothrustinto,dïg,dïg,,,wot,80,,,
H-161_churchbuildingandorganisation-1,,H,161_churchbuildingandorganisation,ëgyház,ëgyház,,,wot,81,,,
EAH-161_churchbuildingandorganisation-1,,EAH,161_churchbuildingandorganisation,ëdʹ,ëdʹ,,,wot,81,,,
H-163_plough-1,,H,163_plough,eke,eke,,,wot,82,,,
EAH-163_plough-1,,EAH,163_plough,ekeγ,ekeγ,,,wot,82,,,
H-165_topropitiate-1,,H,165_topropitiate,enɡesztel,enɡesztel,,,wot,83,,,
EAH-165_topropitiate-1,,EAH,165_topropitiate,eng,eng,,,wot,83,,,
H-167_toarrivetoreachgetto-1,,H,167_toarrivetoreachgetto,ér,ér,,,wot,84,,,
EAH-167_toarrivetoreachgetto-1,,EAH,167_toarrivetoreachgetto,er,er,,,wot,84,,,
H-169_moralsmorality-1,,H,169_moralsmorality,erkölcs,erkölcs,,,wot,85,,,
EAH-169_moralsmorality-1,,EAH,169_moralsmorality,erkelč,erkelč,,,wot,85,,,
H-171_strengthpower-1,,H,171_strengthpower,erő,erő,,,wot,86,,,
OH-171_strengthpower-1,,OH,171_strengthpower,ereü̯,ereü̯,,,wot,86,,,
EAH-171_strengthpower-1,,EAH,171_strengthpower,eriγ,eriγ,,,wot,86,,,
H-173_oath-1,,H,173_oath,eskü,eskü,,,wot,87,,,
OH-173_oath-1,,OH,173_oath,iškü,iškü,,,wot,87,,,
EAH-173_oath-1,,EAH,173_oath,ičkü,ičkü,,,wot,87,,,
H-176_rivernameofariver-1,,H,176_rivernameofariver,etel,etel,,,wot,88,,,
EAH-176_rivernameofariver-1,,EAH,176_rivernameofariver,etil,etil,,,wot,88,,,
H-204_weed-1,,H,204_weed,ɡaz,ɡaz,,,wot,89,,,
OH-204_weed-1,,OH,204_weed,kāz,kāz,,,wot,89,,,
EAH-204_weed-1,,EAH,204_weed,kaγzu,kaγzu,,,wot,89,,,
H-179_pelicanpelicanus-1,,H,179_pelicanpelicanus,ɡödény,ɡödény,,,wot,90,,,
OH-179_pelicanpelicanus-1,,OH,179_pelicanpelicanus,güden,güden,,,wot,90,,,
EAH-179_pelicanpelicanus-1,,EAH,179_pelicanpelicanus,güden,güden,,,wot,90,,,
H-181_polecatputoriusfoetidus-1,,H,181_polecatputoriusfoetidus,ɡörény,ɡörény,,,wot,91,,,
EAH-181_polecatputoriusfoetidus-1,,EAH,181_polecatputoriusfoetidus,güren,güren,,,wot,91,,,
H-183_gleanermousemusspicilegus-1,,H,183_gleanermousemusspicilegus,ɡüzü,ɡüzü,,,wot,92,,,
OH-183_gleanermousemusspicilegus-1,,OH,183_gleanermousemusspicilegus,güzǖ,güzǖ,,,wot,92,,,
LAH-183_gleanermousemusspicilegus-1,,LAH,183_gleanermousemusspicilegus,küzeγü,küzeγü,,,wot,92,,,
EAH-183_gleanermousemusspicilegus-1,,EAH,183_gleanermousemusspicilegus,küseγü,küseγü,,,wot,92,,,
H-185_dragnetakindoffishingnet-1,,H,185_dragnetakindoffishingnet,gyalom,gyalom,,,wot,93,,,
EAH-185_dragnetakindoffishingnet-1,,EAH,185_dragnetakindoffishingnet,ǰalum,ǰalum,,,wot,93,,,
H-187_wool-1,,H,187_wool,gyapjú,gyapjú,,,wot,94,,,
OH-187_wool-1,,OH,187_wool,ǰapyu,ǰapyu,,,wot,94,,,
EAH-187_wool-1,,EAH,187_wool,ǰapγu,ǰapγu,,,wot,94,,,
H-190_toincreasetoputonweighttogrowstronger-1,,H,190_toincreasetoputonweighttogrowstronger,gyarapodik,gyarapodik,,,wot,95,,,
OH-190_toincreasetoputonweighttogrowstronger-1,,OH,190_toincreasetoputonweighttogrowstronger,dʹåråp,dʹåråp,,,wot,95,,,
LAH-190_toincreasetoputonweighttogrowstronger-1,,LAH,190_toincreasetoputonweighttogrowstronger,ǰarap,ǰarap,,,wot,95,,,
EAH-190_toincreasetoputonweighttogrowstronger-1,,EAH,190_toincreasetoputonweighttogrowstronger,ǰarpa,ǰarpa,,,wot,95,,,
H-191_poorfrailfeeble-1,,H,191_poorfrailfeeble,gyarló,gyarló,,,wot,96,,,
OH-191_poorfrailfeeble-1,,OH,191_poorfrailfeeble,ǰarlou̯,ǰarlou̯,,,wot,96,,,
EAH-191_poorfrailfeeble-1,,EAH,191_poorfrailfeeble,ǰarlïγ,ǰarlïγ,,,wot,96,,,
H-193_mourningbereavement-1,,H,193_mourningbereavement,gyász,gyász,,,wot,97,,,
OH-193_mourningbereavement-1,,OH,193_mourningbereavement,ǰās,ǰās,,,wot,97,,,
EAH-193_mourningbereavement-1,,EAH,193_mourningbereavement,ǰas,ǰas,,,wot,97,,,
H-195_weakfeeble-1,,H,195_weakfeeble,gyënɡe,gyënɡe,,,wot,98,,,
EAH-195_weakfeeble-1,,EAH,195_weakfeeble,ǰenge,ǰenge,,,wot,98,,,
H-197_borderlandhedge-1,,H,197_borderlandhedge,gyepű,gyepű,,,wot,99,,,
OH-197_borderlandhedge-1,,OH,197_borderlandhedge,ǰepeü̯,ǰepeü̯,,,wot,99,,,
EAH-197_borderlandhedge-1,,EAH,197_borderlandhedge,ǰepiγ,ǰepiγ,,,wot,99,,,
H-200_child-1,,H,200_child,gyermek,gyermek,,,wot,100,,,
EAH-200_child-1,,EAH,200_child,ǰärmäk,ǰärmäk,,,wot,100,,,
H-201_candle-1,,H,201_candle,gyertya,gyertya,,,wot,101,,,
EAH-201_candle-1,,EAH,201_candle,ǰarta,ǰarta,,,wot,101,,,
H-203_murderkiller-1,,H,203_murderkiller,gyilkos,gyilkos,,,wot,102,,,
EAH-203_murderkiller-1,,EAH,203_murderkiller,ǰilkuš,ǰilkuš,,,wot,102,,,
H-205_stomach-1,,H,205_stomach,gyomor,gyomor,,,wot,103,,,
OH-205_stomach-1,,OH,205_stomach,dʹumur,dʹumur,,,wot,103,,,
EAH-205_stomach-1,,EAH,205_stomach,ǰumur,ǰumur,,,wot,103,,,
H-207_toconfesssins-1,,H,207_toconfesssins,gyovon,gyovon,,,wot,104,,,
OH-207_toconfesssins-1,,OH,207_toconfesssins,dʹuvun,dʹuvun,,,wot,104,,,
EAH-207_toconfesssins-1,,EAH,207_toconfesssins,ǰuvun,ǰuvun,,,wot,104,,,
H-209_pearl-1,,H,209_pearl,gyöngy,gyöngy,,,wot,105,,,
OH-209_pearl-1,,OH,209_pearl,ǰünǰ,ǰünǰ,,,wot,105,,,
LAH-209_pearl-1,,LAH,209_pearl,ǰünǰü,ǰünǰü,,,wot,105,,,
EAH-209_pearl-1,,EAH,209_pearl,ǰinǰü,ǰinǰü,,,wot,105,,,
H-211_toconquersomebodysomethingtriumphoversomebodysomethinggainvictory-1,,H,211_toconquersomebodysomethingtriumphoversomebodysomethinggainvictory,győz,győz,,,wot,106,,,
OH-211_toconquersomebodysomethingtriumphoversomebodysomethinggainvictory-1,,OH,211_toconquersomebodysomethingtriumphoversomebodysomethinggainvictory,dʹēz,dʹēz,,,wot,106,,,
EAH-211_toconquersomebodysomethingtriumphoversomebodysomethinggainvictory-1,,EAH,211_toconquersomebodysomethingtriumphoversomebodysomethinggainvictory,ǰeγüz,ǰeγüz,,,wot,106,,,
H-213_tokneadpug-1,,H,213_tokneadpug,gyúr,gyúr,,,wot,107,,,
EAH-213_tokneadpug-1,,EAH,213_tokneadpug,ǰuγur,ǰuγur,,,wot,107,,,
H-215_tocollectgathersomething-1,,H,215_tocollectgathersomething,gyűjt,gyűjt,,,wot,108,,,
EAH-215_tocollectgathersomething-1,,EAH,215_tocollectgathersomething,dʹǖl,dʹǖl,,,wot,108,,,
H-217_fruit-1,,H,217_fruit,gyümölcs,gyümölcs,,,wot,109,,,
OH-217_fruit-1,,OH,217_fruit,dʹömölč,dʹömölč,,,wot,109,,,
LAH-217_fruit-1,,LAH,217_fruit,dʹemilč,dʹemilč,,,wot,109,,,
EAH-217_fruit-1,,EAH,217_fruit,ǰemilč,ǰemilč,,,wot,109,,,
H-219_akindoftreesimilartothemapleorcornelacertataricumcornussanguinea-1,,H,219_akindoftreesimilartothemapleorcornelacertataricumcornussanguinea,gyűrű,gyűrű,,,wot,110,,,
OH-219_akindoftreesimilartothemapleorcornelacertataricumcornussanguinea-1,,OH,219_akindoftreesimilartothemapleorcornelacertataricumcornussanguinea,dʹereü̯,dʹereü̯,,,wot,110,,,
EAH-219_akindoftreesimilartothemapleorcornelacertataricumcornussanguinea-1,,EAH,219_akindoftreesimilartothemapleorcornelacertataricumcornussanguinea,ǰereγ,ǰereγ,,,wot,110,,,
H-221_thimble-1,,H,221_thimble,gyűszű,gyűszű,,,wot,111,,,
EAH-221_thimble-1,,EAH,221_thimble,ǰüγsüγ,ǰüγsüγ,,,wot,111,,,
H-223_bell-1,,H,223_bell,haranɡ,haranɡ,,,wot,112,,,
EAH-223_bell-1,,EAH,223_bell,hangar,hangar,,,wot,112,,,
H-225_sand-1,,H,225_sand,homok,homok,,,wot,113,,,
OH-225_sand-1,,OH,225_sand,humuki,humuki,,,wot,113,,,
EAH-225_sand-1,,EAH,225_sand,humoki,humoki,,,wot,113,,,
H-227_timeweather-1,,H,227_timeweather,idő,idő,,,wot,114,,,
OH-227_timeweather-1,,OH,227_timeweather,üdȫ,üdȫ,,,wot,114,,,
LAH-227_timeweather-1,,LAH,227_timeweather,üdeü̯,üdeü̯,,,wot,114,,,
EAH-227_timeweather-1,,EAH,227_timeweather,üdeγ,üdeγ,,,wot,114,,,
H-230_tobefrightenedtotakefright-1,,H,230_tobefrightenedtotakefright,ijed,ijed,,,wot,115,,,
OH-230_tobefrightenedtotakefright-1,,OH,230_tobefrightenedtotakefright,iye,iye,,,wot,115,,,
EAH-230_tobefrightenedtotakefright-1,,EAH,230_tobefrightenedtotakefright,äyi,äyi,,,wot,115,,,
H-231_twin-1,,H,231_twin,iker,iker,,,wot,116,,,
EAH-231_twin-1,,EAH,231_twin,ikir,ikir,,,wot,116,,,
H-233_tosuitsomethingtobepropertofitinto-1,,H,233_tosuitsomethingtobepropertofitinto,illik,illik,,,wot,117,,,
EAH-233_tosuitsomethingtobepropertofitinto-1,,EAH,233_tosuitsomethingtobepropertofitinto,il,il,,,wot,117,,,
H-235_shirt-1,,H,235_shirt,inɡ,inɡ,,,wot,118,,,
OH-235_shirt-1,,OH,235_shirt,ümeg,ümeg,,,wot,118,,,
EAH-235_shirt-1,,EAH,235_shirt,ümmeg,ümmeg,,,wot,118,,,
H-237_buttermilk-1,,H,237_buttermilk,író,író,,,wot,119,,,
OH-237_buttermilk-1,,OH,237_buttermilk,irō,irō,,,wot,119,,,
EAH-237_buttermilk-1,,EAH,237_buttermilk,iraγ,iraγ,,,wot,119,,,
H-239_nameofanethnicgroupofiranianorigininhungary-1,,H,239_nameofanethnicgroupofiranianorigininhungary,jász,jász,,,wot,120,,,
H-241_bulrushclubrushdifferentplantslikeschoenoplectuscyperace-1,,H,241_bulrushclubrushdifferentplantslikeschoenoplectuscyperace,káka,káka,,,wot,121,,,
H-243_guidepilotconductorticketinspector-1,,H,243_guidepilotconductorticketinspector,kalóz,kalóz,,,wot,122,,,
EAH-243_guidepilotconductorticketinspector-1,,EAH,243_guidepilotconductorticketinspector,kalauz,kalauz,,,wot,122,,,
H-247_awaterplantstratiotesaloides-1,,H,247_awaterplantstratiotesaloides,kalokány,kalokány,,,wot,123,,,
EAH-247_awaterplantstratiotesaloides-1,,EAH,247_awaterplantstratiotesaloides,karlukan,karlukan,,,wot,123,,,
H-247_awaterplantstratiotesaloides-2,,H,247_awaterplantstratiotesaloides,karlokány,karlokány,,,wot,124,,,
EAH-247_awaterplantstratiotesaloides-2,,EAH,247_awaterplantstratiotesaloides,karlukan,karlukan,,,wot,124,,,
H-250_whiplash-1,,H,250_whiplash,kamsi,kamsi,,,wot,125,,,
H-251_saddlestrap-1,,H,251_saddlestrap,kangyík,kangyík,,,wot,126,,,
EAH-251_saddlestrap-1,,EAH,251_saddlestrap,kåndʹikå,kåndʹikå,,,wot,126,,,
H-253_measles-1,,H,253_measles,kanyaró,kanyaró,,,wot,127,,,
OH-253_measles-1,,OH,253_measles,kåråńō,kåråńō,,,wot,127,,,
LAH-253_measles-1,,LAH,253_measles,kåråmō,kåråmō,,,wot,127,,,
EAH-253_measles-1,,EAH,253_measles,karamuγ,karamuγ,,,wot,127,,,
H-255_gate-1,,H,255_gate,kapu,kapu,,,wot,128,,,
OH-255_gate-1,,OH,255_gate,kapū,kapū,,,wot,128,,,
EAH-255_gate-1,,EAH,255_gate,kapuγ,kapuγ,,,wot,128,,,
H-257_damageloss-1,,H,257_damageloss,kár,kár,,,wot,129,,,
H-259_sheepfoldcattlegridstockyardayardencircledbyafenceshedforanimals-1,,H,259_sheepfoldcattlegridstockyardayardencircledbyafenceshedforanimals,karám,karám,,,wot,130,,,
EAH-259_sheepfoldcattlegridstockyardayardencircledbyafenceshedforanimals-1,,EAH,259_sheepfoldcattlegridstockyardayardencircledbyafenceshedforanimals,korām,korām,,,wot,130,,,
H-261_pinkseveralkindsofpinkdanthusdcaryophyllusseveralmembersofthecaryophillace-1,,H,261_pinkseveralkindsofpinkdanthusdcaryophyllusseveralmembersofthecaryophillace,karanbél,karanbél,,,wot,131,,,
EAH-261_pinkseveralkindsofpinkdanthusdcaryophyllusseveralmembersofthecaryophillace-1,,EAH,261_pinkseveralkindsofpinkdanthusdcaryophyllusseveralmembersofthecaryophillace,karampil,karampil,,,wot,131,,,
H-263_afishingwaterbirdwithblackfeatherscormorantphalacrocoraxcarbo-1,,H,263_afishingwaterbirdwithblackfeatherscormorantphalacrocoraxcarbo,kárókatona,kárókatona,,,wot,132,,,
OH-263_afishingwaterbirdwithblackfeatherscormorantphalacrocoraxcarbo-1,,OH,263_afishingwaterbirdwithblackfeatherscormorantphalacrocoraxcarbo,kara katona,kara katona,,,wot,132,,,
EAH-263_afishingwaterbirdwithblackfeatherscormorantphalacrocoraxcarbo-1,,EAH,263_afishingwaterbirdwithblackfeatherscormorantphalacrocoraxcarbo,kara kotan,kara kotan,,,wot,132,,,
H-265_chicorycichoriumspcichoriumintybus-1,,H,265_chicorycichoriumspcichoriumintybus,katánɡ,katánɡ,,,wot,133,,,
EAH-265_chicorycichoriumspcichoriumintybus-1,,EAH,265_chicorycichoriumspcichoriumintybus,katāng,katāng,,,wot,133,,,
H-267_bosombreast-1,,H,267_bosombreast,kebel,kebel,,,wot,134,,,
H-269_blue-1,,H,269_blue,kék,kék,,,wot,135,,,
EAH-269_blue-1,,EAH,269_blue,keyk,keyk,,,wot,135,,,
H-271_hempcannabis-1,,H,271_hempcannabis,kender,kender,,,wot,136,,,
EAH-271_hempcannabis-1,,EAH,271_hempcannabis,kendir,kendir,,,wot,136,,,
H-273_pictureshapeform-1,,H,273_pictureshapeform,kép,kép,,,wot,137,,,
H-275_akindofship-1,,H,275_akindofship,kerep,kerep,,,wot,138,,,
H-277_cud-1,,H,277_cud,kérő,kérő,,,wot,139,,,
OH-277_cud-1,,OH,277_cud,kevreγ,kevreγ,,,wot,139,,,
EAH-277_cud-1,,EAH,277_cud,kevereγ,kevereγ,,,wot,139,,,
H-279_vulturevultur-1,,H,279_vulturevultur,keselyű,keselyű,,,wot,140,,,
OH-279_vulturevultur-1,,OH,279_vulturevultur,kešeleü̯,kešeleü̯,,,wot,140,,,
EAH-279_vulturevultur-1,,EAH,279_vulturevultur,küčeleγ,küčeleγ,,,wot,140,,,
H-284_smalllittle-1,,H,284_smalllittle,kicsiny,kicsiny,,,wot,141,,,
EAH-284_smalllittle-1,,EAH,284_smalllittle,kičin,kičin,,,wot,141,,,
H-283_small-1,,H,283_small,kicsi,kicsi,,,wot,142,,,
EAH-283_small-1,,EAH,283_small,kičin,kičin,,,wot,142,,,
H-285_felt-1,,H,285_felt,kíjc,kíjc,,,wot,143,,,
OH-285_felt-1,,OH,285_felt,kīyc,kīyc,,,wot,143,,,
LAH-285_felt-1,,LAH,285_felt,kiyic,kiyic,,,wot,143,,,
EAH-285_felt-1,,EAH,285_felt,kiyiz,kiyiz,,,wot,143,,,
H-287_abirdsimilartoafalconakindofbirdofprey-1,,H,287_abirdsimilartoafalconakindofbirdofprey,kiköcsény,kiköcsény,,,wot,144,,,
OH-287_abirdsimilartoafalconakindofbirdofprey-1,,OH,287_abirdsimilartoafalconakindofbirdofprey,kikörčen,kikörčen,,,wot,144,,,
EAH-287_abirdsimilartoafalconakindofbirdofprey-1,,EAH,287_abirdsimilartoafalconakindofbirdofprey,kükerčen,kükerčen,,,wot,144,,,
H-289_gourdcalabashlagenariavulgarisheadbillycockhat-1,,H,289_gourdcalabashlagenariavulgarisheadbillycockhat,kobak,kobak,,,wot,145,,,
EAH-289_gourdcalabashlagenariavulgarisheadbillycockhat-1,,EAH,289_gourdcalabashlagenariavulgarisheadbillycockhat,kåbåk,kåbåk,,,wot,145,,,
H-291_tobegtomendicate-1,,H,291_tobegtomendicate,koldul,koldul,,,wot,146,,,
EAH-291_tobegtomendicate-1,,EAH,291_tobegtomendicate,koldu,koldu,,,wot,146,,,
H-293_beggar-1,,H,293_beggar,koldus,koldus,,,wot,147,,,
EAH-293_beggar-1,,EAH,293_beggar,koldu,koldu,,,wot,147,,,
H-295_timothygrassphleumphleumsp-1,,H,295_timothygrassphleumphleumsp,komócsin,komócsin,,,wot,148,,,
EAH-295_timothygrassphleumphleumsp-1,,EAH,295_timothygrassphleumphleumsp,kåmičin,kåmičin,,,wot,148,,,
H-297_gloomygravemorosesombredullcolourednotproperlycastrated-1,,H,297_gloomygravemorosesombredullcolourednotproperlycastrated,komor,komor,,,wot,149,,,
EAH-297_gloomygravemorosesombredullcolourednotproperlycastrated-1,,EAH,297_gloomygravemorosesombredullcolourednotproperlycastrated,komur,komur,,,wot,149,,,
H-299_ageperiod-1,,H,299_ageperiod,kor,kor,,,wot,150,,,
EAH-299_ageperiod-1,,EAH,299_ageperiod,kur,kur,,,wot,150,,,
H-301_drystalkofweed-1,,H,301_drystalkofweed,kóró,kóró,,,wot,151,,,
OH-301_drystalkofweed-1,,OH,301_drystalkofweed,korou̯,korou̯,,,wot,151,,,
EAH-301_drystalkofweed-1,,EAH,301_drystalkofweed,kuroγ,kuroγ,,,wot,151,,,
H-303_ram-1,,H,303_ram,kos,kos,,,wot,152,,,
EAH-303_ram-1,,EAH,303_ram,koč,koč,,,wot,152,,,
H-306_frocksheepskinwaistcoat-1,,H,306_frocksheepskinwaistcoat,ködmön,ködmön,,,wot,153,,,
EAH-306_frocksheepskinwaistcoat-1,,EAH,306_frocksheepskinwaistcoat,kedmen,kedmen,,,wot,153,,,
H-307_blackthornprunusspinosa-1,,H,307_blackthornprunusspinosa,kökény,kökény,,,wot,154,,,
EAH-307_blackthornprunusspinosa-1,,EAH,307_blackthornprunusspinosa,köken,köken,,,wot,154,,,
H-309_thenavelvariouspartsofagriculturalandotherinstrumentsaroundwhichsomethingturnsorrotatesorwhichisinthecentre-1,,H,309_thenavelvariouspartsofagriculturalandotherinstrumentsaroundwhichsomethingturnsorrotatesorwhichisinthecentre,köldök,köldök,,,wot,155,,,
OH-309_thenavelvariouspartsofagriculturalandotherinstrumentsaroundwhichsomethingturnsorrotatesorwhichisinthecentre-1,,OH,309_thenavelvariouspartsofagriculturalandotherinstrumentsaroundwhichsomethingturnsorrotatesorwhichisinthecentre,kildik,kildik,,,wot,155,,,
EAH-309_thenavelvariouspartsofagriculturalandotherinstrumentsaroundwhichsomethingturnsorrotatesorwhichisinthecentre-1,,EAH,309_thenavelvariouspartsofagriculturalandotherinstrumentsaroundwhichsomethingturnsorrotatesorwhichisinthecentre,kindik,kindik,,,wot,155,,,
H-311_pounderbeatersmallmortar-1,,H,311_pounderbeatersmallmortar,kölyű,kölyű,,,wot,156,,,
OH-311_pounderbeatersmallmortar-1,,OH,311_pounderbeatersmallmortar,kelǖ,kelǖ,,,wot,156,,,
EAH-311_pounderbeatersmallmortar-1,,EAH,311_pounderbeatersmallmortar,keliγ,keliγ,,,wot,156,,,
H-314_book-1,,H,314_book,könyv,könyv,,,wot,157,,,
OH-314_book-1,,OH,314_book,köńüγ,köńüγ,,,wot,157,,,
EAH-314_book-1,,EAH,314_book,küńüγ,küńüγ,,,wot,157,,,
H-315_stumpyasmallthickman-1,,H,315_stumpyasmallthickman,köpcös,köpcös,,,wot,158,,,
OH-315_stumpyasmallthickman-1,,OH,315_stumpyasmallthickman,köpčöš,köpčöš,,,wot,158,,,
LAH-315_stumpyasmallthickman-1,,LAH,315_stumpyasmallthickman,köpčȫ,köpčȫ,,,wot,158,,,
EAH-315_stumpyasmallthickman-1,,EAH,315_stumpyasmallthickman,köpčeγ,köpčeγ,,,wot,158,,,
H-317_cloakgownovercoat-1,,H,317_cloakgownovercoat,köpönyek,köpönyek,,,wot,159,,,
EAH-317_cloakgownovercoat-1,,EAH,317_cloakgownovercoat,kepenek,kepenek,,,wot,159,,,
H-319_ashtreefraxinussp-1,,H,319_ashtreefraxinussp,kőris,kőris,,,wot,160,,,
OH-319_ashtreefraxinussp-1,,OH,319_ashtreefraxinussp,kǖriš,kǖriš,,,wot,160,,,
EAH-319_ashtreefraxinussp-1,,EAH,319_ashtreefraxinussp,kewrič,kewrič,,,wot,160,,,
H-322_pearpyruscommunis-1,,H,322_pearpyruscommunis,körtvély,körtvély,,,wot,161,,,
OH-322_pearpyruscommunis-1,,OH,322_pearpyruscommunis,kërtveli,kërtveli,,,wot,161,,,
EAH-322_pearpyruscommunis-1,,EAH,322_pearpyruscommunis,kertβeli,kertβeli,,,wot,161,,,
H-323_togreettothank-1,,H,323_togreettothank,köszön,köszön,,,wot,162,,,
EAH-323_togreettothank-1,,EAH,323_togreettothank,küsen,küsen,,,wot,162,,,
H-325_akindofdogahungarianbreedofsheepdog-1,,H,325_akindofdogahungarianbreedofsheepdog,kuvasz,kuvasz,,,wot,163,,,
EAH-325_akindofdogahungarianbreedofsheepdog-1,,EAH,325_akindofdogahungarianbreedofsheepdog,kuwaz,kuwaz,,,wot,163,,,
H-327_afishlivingatthebottomoftherivergudgeongobiofluviatilis-1,,H,327_afishlivingatthebottomoftherivergudgeongobiofluviatilis,küllő,küllő,,,wot,164,,,
OH-327_afishlivingatthebottomoftherivergudgeongobiofluviatilis-1,,OH,327_afishlivingatthebottomoftherivergudgeongobiofluviatilis,külliγ,külliγ,,,wot,164,,,
LAH-327_afishlivingatthebottomoftherivergudgeongobiofluviatilis-1,,LAH,327_afishlivingatthebottomoftherivergudgeongobiofluviatilis,kölliγ,kölliγ,,,wot,164,,,
EAH-327_afishlivingatthebottomoftherivergudgeongobiofluviatilis-1,,EAH,327_afishlivingatthebottomoftherivergudgeongobiofluviatilis,köligeliγ,köligeliγ,,,wot,164,,,
H-329_drysummerfograinbow-1,,H,329_drysummerfograinbow,mónár köd,mónár köd,,,wot,165,,,
OH-329_drysummerfograinbow-1,,OH,329_drysummerfograinbow,mōnār,mōnār,,,wot,165,,,
EAH-329_drysummerfograinbow-1,,EAH,329_drysummerfograinbow,munar,munar,,,wot,165,,,
H-331_chaffhuskswinnowingstailingsrefuseofgrain-1,,H,331_chaffhuskswinnowingstailingsrefuseofgrain,ocsú,ocsú,,,wot,166,,,
OH-331_chaffhuskswinnowingstailingsrefuseofgrain-1,,OH,331_chaffhuskswinnowingstailingsrefuseofgrain,učū,učū,,,wot,166,,,
LAH-331_chaffhuskswinnowingstailingsrefuseofgrain-1,,LAH,331_chaffhuskswinnowingstailingsrefuseofgrain,učou̯,učou̯,,,wot,166,,,
EAH-331_chaffhuskswinnowingstailingsrefuseofgrain-1,,EAH,331_chaffhuskswinnowingstailingsrefuseofgrain,učoγ,učoγ,,,wot,166,,,
H-333_toteach-1,,H,333_toteach,oktat,oktat,,,wot,167,,,
OH-333_toteach-1,,OH,333_toteach,ok,ok,,,wot,167,,,
EAH-333_toteach-1,,EAH,333_toteach,uk,uk,,,wot,167,,,
H-335_cheap-1,,H,335_cheap,olcsó,olcsó,,,wot,168,,,
OH-335_cheap-1,,OH,335_cheap,ōčō,ōčō,,,wot,168,,,
LAH-335_cheap-1,,LAH,335_cheap,učau̯,učau̯,,,wot,168,,,
EAH-335_cheap-1,,EAH,335_cheap,učaγ,učaγ,,,wot,168,,,
H-337_spermseminalfluid-1,,H,337_spermseminalfluid,ondó,ondó,,,wot,169,,,
OH-337_spermseminalfluid-1,,OH,337_spermseminalfluid,ondau̯,ondau̯,,,wot,169,,,
EAH-337_spermseminalfluid-1,,EAH,337_spermseminalfluid,undaγ,undaγ,,,wot,169,,,
H-339_crumbofbreadmorselasmallpieceofbread-1,,H,339_crumbofbreadmorselasmallpieceofbread,ontoɡ,ontoɡ,,,wot,170,,,
H-341_lion-1,,H,341_lion,oroszlán,oroszlán,,,wot,171,,,
EAH-341_lion-1,,EAH,341_lion,uruslān,uruslān,,,wot,171,,,
H-343_thief-1,,H,343_thief,orv,orv,,,wot,172,,,
OH-343_thief-1,,OH,343_thief,urvu,urvu,,,wot,172,,,
LAH-343_thief-1,,LAH,343_thief,uvru,uvru,,,wot,172,,,
EAH-343_thief-1,,EAH,343_thief,uγru,uγru,,,wot,172,,,
H-345_cuneinplayinostabla-1,,H,345_cuneinplayinostabla,os,os,,,wot,173,,,
OH-345_cuneinplayinostabla-1,,OH,345_cuneinplayinostabla,ošk,ošk,,,wot,173,,,
LAH-345_cuneinplayinostabla-1,,LAH,345_cuneinplayinostabla,ačk,ačk,,,wot,173,,,
EAH-345_cuneinplayinostabla-1,,EAH,345_cuneinplayinostabla,alčuk,alčuk,,,wot,173,,,
H-347_tostitchtoputonadress-1,,H,347_tostitchtoputonadress,ölt,ölt,,,wot,174,,,
EAH-347_tostitchtoputonadress-1,,EAH,347_tostitchtoputonadress,ilt,ilt,,,wot,174,,,
H-349_totakeroottogrowstrongerplantanimal-1,,H,349_totakeroottogrowstrongerplantanimal,önik,önik,,,wot,175,,,
OH-349_totakeroottogrowstrongerplantanimal-1,,OH,349_totakeroottogrowstrongerplantanimal,ön,ön,,,wot,175,,,
EAH-349_totakeroottogrowstrongerplantanimal-1,,EAH,349_totakeroottogrowstrongerplantanimal,ün,ün,,,wot,175,,,
H-351_millingproduct-1,,H,351_millingproduct,örmény,örmény,,,wot,176,,,
EAH-351_millingproduct-1,,EAH,351_millingproduct,eü̯rmen,eü̯rmen,,,wot,176,,,
H-353_eternal-1,,H,353_eternal,örök,örök,,,wot,177,,,
EAH-353_eternal-1,,EAH,353_eternal,ürük,ürük,,,wot,177,,,
H-355_tobecomemad-1,,H,355_tobecomemad,őrül,őrül,,,wot,178,,,
OH-355_tobecomemad-1,,OH,355_tobecomemad,eü̯ril,eü̯ril,,,wot,178,,,
EAH-355_tobecomemad-1,,EAH,355_tobecomemad,evril,evril,,,wot,178,,,
H-360_whirlpooleddy-1,,H,360_whirlpooleddy,őrém,őrém,,,wot,179,,,
OH-360_whirlpooleddy-1,,OH,360_whirlpooleddy,eürem,eürem,,,wot,179,,,
EAH-360_whirlpooleddy-1,,EAH,360_whirlpooleddy,eγrim,eγrim,,,wot,179,,,
H-360_whirlpooleddy-2,,H,360_whirlpooleddy,örmény,örmény,,,wot,180,,,
EAH-360_whirlpooleddy-2,,EAH,360_whirlpooleddy,örmen,örmen,,,wot,180,,,
H-361_flooddelugestream-1,,H,361_flooddelugestream,özön,özön,,,wot,181,,,
EAH-361_flooddelugestream-1,,EAH,361_flooddelugestream,üzen,üzen,,,wot,181,,,
H-363_cheese-1,,H,363_cheese,sajt,sajt,,,wot,182,,,
OH-363_cheese-1,,OH,363_cheese,šaχt,šaχt,,,wot,182,,,
EAH-363_cheese-1,,EAH,363_cheese,čaγt,čaγt,,,wot,182,,,
H-366_yellow-1,,H,366_yellow,sár,sár,,,wot,183,,,
EAH-366_yellow-1,,EAH,366_yellow,šari,šari,,,wot,183,,,
H-367_dragon-1,,H,367_dragon,sárkány,sárkány,,,wot,184,,,
EAH-367_dragon-1,,EAH,367_dragon,šārkān,šārkān,,,wot,184,,,
H-369_atypeofwildonionornithogalum-1,,H,369_atypeofwildonionornithogalum,sárma,sárma,,,wot,185,,,
EAH-369_atypeofwildonionornithogalum-1,,EAH,369_atypeofwildonionornithogalum,šarmaγ,šarmaγ,,,wot,185,,,
H-371_tent-1,,H,371_tent,sátor,sátor,,,wot,186,,,
OH-371_tent-1,,OH,371_tent,šatur,šatur,,,wot,186,,,
EAH-371_tent-1,,EAH,371_tent,čatur,čatur,,,wot,186,,,
H-373_tosweeptobroom-1,,H,373_tosweeptobroom,seper,seper,,,wot,187,,,
EAH-373_tosweeptobroom-1,,EAH,373_tosweeptobroom,šipir,šipir,,,wot,187,,,
H-376_draffleesdregsofwine-1,,H,376_draffleesdregsofwine,seprő,seprő,,,wot,188,,,
OH-376_draffleesdregsofwine-1,,OH,376_draffleesdregsofwine,čeprȫ,čeprȫ,,,wot,188,,,
EAH-376_draffleesdregsofwine-1,,EAH,376_draffleesdregsofwine,čöpreγ,čöpreγ,,,wot,188,,,
H-377_toinjuretohurt-1,,H,377_toinjuretohurt,sér,sér,,,wot,189,,,
EAH-377_toinjuretohurt-1,,EAH,377_toinjuretohurt,šir,šir,,,wot,189,,,
H-379_anit-1,,H,379_anit,serke,serke,,,wot,190,,,
EAH-379_anit-1,,EAH,379_anit,širke,širke,,,wot,190,,,
H-381_alsoshortsheavesusedtostrengthenathatchedroof-1,,H,381_alsoshortsheavesusedtostrengthenathatchedroof,serte,serte,,,wot,191,,,
OH-381_alsoshortsheavesusedtostrengthenathatchedroof-1,,OH,381_alsoshortsheavesusedtostrengthenathatchedroof,širte,širte,,,wot,191,,,
EAH-381_alsoshortsheavesusedtostrengthenathatchedroof-1,,EAH,381_alsoshortsheavesusedtostrengthenathatchedroof,širt,širt,,,wot,191,,,
H-383_smoothsimit-1,,H,383_smoothsimit,sima,sima,,,wot,192,,,
EAH-383_smoothsimit-1,,EAH,383_smoothsimit,šima,šima,,,wot,192,,,
H-385_springwellbrook-1,,H,385_springwellbrook,séd,séd,,,wot,193,,,
OH-385_springwellbrook-1,,OH,385_springwellbrook,šīd,šīd,,,wot,193,,,
EAH-385_springwellbrook-1,,EAH,385_springwellbrook,šiu,šiu,,,wot,193,,,
H-388_falcon-1,,H,388_falcon,sólyom,sólyom,,,wot,194,,,
OH-388_falcon-1,,OH,388_falcon,šolʹom,šolʹom,,,wot,194,,,
LAH-388_falcon-1,,LAH,388_falcon,čawlim,čawlim,,,wot,194,,,
EAH-388_falcon-1,,EAH,388_falcon,čavli,čavli,,,wot,194,,,
H-390_dogwoodtreecornelcornus-1,,H,390_dogwoodtreecornelcornus,som,som,,,wot,195,,,
OH-390_dogwoodtreecornelcornus-1,,OH,390_dogwoodtreecornelcornus,šum,šum,,,wot,195,,,
EAH-390_dogwoodtreecornelcornus-1,,EAH,390_dogwoodtreecornelcornus,čum,čum,,,wot,195,,,
H-391_beer-1,,H,391_beer,sör,sör,,,wot,196,,,
OH-391_beer-1,,OH,391_beer,šer,šer,,,wot,196,,,
EAH-391_beer-1,,EAH,391_beer,šere,šere,,,wot,196,,,
H-393_pikeperchzanderstizostedionlucioperca-1,,H,393_pikeperchzanderstizostedionlucioperca,süllő,süllő,,,wot,197,,,
OH-393_pikeperchzanderstizostedionlucioperca-1,,OH,393_pikeperchzanderstizostedionlucioperca,šilleü,šilleü,,,wot,197,,,
EAH-393_pikeperchzanderstizostedionlucioperca-1,,EAH,393_pikeperchzanderstizostedionlucioperca,šilleγ,šilleγ,,,wot,197,,,
H-395_densethickofwoodsorsoup-1,,H,395_densethickofwoodsorsoup,sűrű,sűrű,,,wot,198,,,
OH-395_densethickofwoodsorsoup-1,,OH,395_densethickofwoodsorsoup,šireü̯,šireü̯,,,wot,198,,,
EAH-395_densethickofwoodsorsoup-1,,EAH,395_densethickofwoodsorsoup,čireγ,čireγ,,,wot,198,,,
H-397_brotherinlaw-1,,H,397_brotherinlaw,süv,süv,,,wot,199,,,
OH-397_brotherinlaw-1,,OH,397_brotherinlaw,šiv,šiv,,,wot,199,,,
EAH-397_brotherinlaw-1,,EAH,397_brotherinlaw,siγ,siγ,,,wot,199,,,
H-399_uvulatherecurvedpointofafishinghookoralanceredwattleonachicken-1,,H,399_uvulatherecurvedpointofafishinghookoralanceredwattleonachicken,szaka,szaka,,,wot,200,,,
EAH-399_uvulatherecurvedpointofafishinghookoralanceredwattleonachicken-1,,EAH,399_uvulatherecurvedpointofafishinghookoralanceredwattleonachicken,sakaγ,sakaγ,,,wot,200,,,
H-401_raft-1,,H,401_raft,szál,szál,,,wot,201,,,
EAH-401_raft-1,,EAH,401_raft,sal,sal,,,wot,201,,,
H-403_tohavepityfortoregret-1,,H,403_tohavepityfortoregret,szán,szán,,,wot,202,,,
OH-403_tohavepityfortoregret-1,,OH,403_tohavepityfortoregret,sān,sān,,,wot,202,,,
EAH-403_tohavepityfortoregret-1,,EAH,403_tohavepityfortoregret,saγin,saγin,,,wot,202,,,
H-405_trousseaubox-1,,H,405_trousseaubox,szándok,szándok,,,wot,203,,,
H-407_lightcolouredyellowishpalepartlybald-1,,H,407_lightcolouredyellowishpalepartlybald,szár,szár,,,wot,204,,,
EAH-407_lightcolouredyellowishpalepartlybald-1,,EAH,407_lightcolouredyellowishpalepartlybald,sar,sar,,,wot,204,,,
H-409_grocergrandhandler-1,,H,409_grocergrandhandler,szatócs,szatócs,,,wot,205,,,
OH-409_grocergrandhandler-1,,OH,409_grocergrandhandler,satōč,satōč,,,wot,205,,,
LAH-409_grocergrandhandler-1,,LAH,409_grocergrandhandler,satiwči,satiwči,,,wot,205,,,
EAH-409_grocergrandhandler-1,,EAH,409_grocergrandhandler,satiγči,satiγči,,,wot,205,,,
H-411_wind-1,,H,411_wind,szél,szél,,,wot,206,,,
EAH-411_wind-1,,EAH,411_wind,sēl,sēl,,,wot,206,,,
H-419_toslumbertodoze-1,,H,419_toslumbertodoze,szender,szender,,,wot,207,,,
EAH-419_toslumbertodoze-1,,EAH,419_toslumbertodoze,sen,sen,,,wot,207,,,
H-419_toslumbertodoze-2,,H,419_toslumbertodoze,szender,szender,,,wot,208,,,
EAH-419_toslumbertodoze-2,,EAH,419_toslumbertodoze,sön,sön,,,wot,208,,,
H-419_toslumbertodoze-3,,H,419_toslumbertodoze,szöndör,szöndör,,,wot,209,,,
EAH-419_toslumbertodoze-3,,EAH,419_toslumbertodoze,sen,sen,,,wot,209,,,
H-419_toslumbertodoze-4,,H,419_toslumbertodoze,szöndör,szöndör,,,wot,210,,,
EAH-419_toslumbertodoze-4,,EAH,419_toslumbertodoze,sön,sön,,,wot,210,,,
H-421_frecklesunspotstain-1,,H,421_frecklesunspotstain,szeplő,szeplő,,,wot,211,,,
EAH-421_frecklesunspotstain-1,,EAH,421_frecklesunspotstain,sepleγ,sepleγ,,,wot,211,,,
H-423_fumesvapourspiritsalcoholhumours-1,,H,423_fumesvapourspiritsalcoholhumours,szesz,szesz,,,wot,212,,,
EAH-423_fumesvapourspiritsalcoholhumours-1,,EAH,423_fumesvapourspiritsalcoholhumours,sis,sis,,,wot,212,,,
H-426_thinhideropestrapusedforembroideryorasawhiprefrozenthinlayerafterthemeltingofsnow-1,,H,426_thinhideropestrapusedforembroideryorasawhiprefrozenthinlayerafterthemeltingofsnow,szirony,szirony,,,wot,213,,,
OH-426_thinhideropestrapusedforembroideryorasawhiprefrozenthinlayerafterthemeltingofsnow-1,,OH,426_thinhideropestrapusedforembroideryorasawhiprefrozenthinlayerafterthemeltingofsnow,siron,siron,,,wot,213,,,
LAH-426_thinhideropestrapusedforembroideryorasawhiprefrozenthinlayerafterthemeltingofsnow-1,,LAH,426_thinhideropestrapusedforembroideryorasawhiprefrozenthinlayerafterthemeltingofsnow,sirum,sirum,,,wot,213,,,
EAH-426_thinhideropestrapusedforembroideryorasawhiprefrozenthinlayerafterthemeltingofsnow-1,,EAH,426_thinhideropestrapusedforembroideryorasawhiprefrozenthinlayerafterthemeltingofsnow,siyrum,siyrum,,,wot,213,,,
H-427_rockcliffocciputcrestofmountain-1,,H,427_rockcliffocciputcrestofmountain,szirt,szirt,,,wot,214,,,
H-429_akindoffalconpielfalcusgyrfalco-1,,H,429_akindoffalconpielfalcusgyrfalco,szonɡor,szonɡor,,,wot,215,,,
EAH-429_akindoffalconpielfalcusgyrfalco-1,,EAH,429_akindoffalconpielfalcusgyrfalco,sonkor,sonkor,,,wot,215,,,
H-431_grasshopper-1,,H,431_grasshopper,szöcske,szöcske,,,wot,216,,,
OH-431_grasshopper-1,,OH,431_grasshopper,sökče,sökče,,,wot,216,,,
LAH-431_grasshopper-1,,LAH,431_grasshopper,sökśȫ,sökśȫ,,,wot,216,,,
EAH-431_grasshopper-1,,EAH,431_grasshopper,sek,sek,,,wot,216,,,
H-436_grapewinegrapevitisvinifer-1,,H,436_grapewinegrapevitisvinifer,szőlő,szőlő,,,wot,217,,,
OH-436_grapewinegrapevitisvinifer-1,,OH,436_grapewinegrapevitisvinifer,selleγ,selleγ,,,wot,217,,,
EAH-436_grapewinegrapevitisvinifer-1,,EAH,436_grapewinegrapevitisvinifer,śeleγ,śeleγ,,,wot,217,,,
H-436_grapewinegrapevitisvinifer-2,,H,436_grapewinegrapevitisvinifer,szöllő,szöllő,,,wot,218,,,
OH-436_grapewinegrapevitisvinifer-2,,OH,436_grapewinegrapevitisvinifer,selleγ,selleγ,,,wot,218,,,
EAH-436_grapewinegrapevitisvinifer-2,,EAH,436_grapewinegrapevitisvinifer,śeleγ,śeleγ,,,wot,218,,,
H-437_mosquitognatculexpipens-1,,H,437_mosquitognatculexpipens,szúnyoɡ,szúnyoɡ,,,wot,219,,,
OH-437_mosquitognatculexpipens-1,,OH,437_mosquitognatculexpipens,sunug,sunug,,,wot,219,,,
EAH-437_mosquitognatculexpipens-1,,EAH,437_mosquitognatculexpipens,sinuk,sinuk,,,wot,219,,,
H-439_toceasetostop-1,,H,439_toceasetostop,szzűnik,szzűnik,,,wot,220,,,
OH-439_toceasetostop-1,,OH,439_toceasetostop,sün,sün,,,wot,220,,,
EAH-439_toceasetostop-1,,EAH,439_toceasetostop,sön,sön,,,wot,220,,,
H-441_virginpure-1,,H,441_virginpure,szűz,szűz,,,wot,221,,,
OH-441_virginpure-1,,OH,441_virginpure,süz,süz,,,wot,221,,,
EAH-441_virginpure-1,,EAH,441_virginpure,süzök,süzök,,,wot,221,,,
H-443_advicecouncil-1,,H,443_advicecouncil,tanács,tanács,,,wot,222,,,
EAH-443_advicecouncil-1,,EAH,443_advicecouncil,tanilč,tanilč,,,wot,222,,,
H-445_tofeedtonourish-1,,H,445_tofeedtonourish,táplál,táplál,,,wot,223,,,
OH-445_tofeedtonourish-1,,OH,445_tofeedtonourish,tāplā,tāplā,,,wot,223,,,
EAH-445_tofeedtonourish-1,,EAH,445_tofeedtonourish,taplaγ,taplaγ,,,wot,223,,,
H-447_bald-1,,H,447_bald,tar,tar,,,wot,224,,,
EAH-447_bald-1,,EAH,447_bald,tar,tar,,,wot,224,,,
H-449_ploughfieldarablefieldstubblefield-1,,H,449_ploughfieldarablefieldstubblefield,tarló,tarló,,,wot,225,,,
EAH-449_ploughfieldarablefieldstubblefield-1,,EAH,449_ploughfieldarablefieldstubblefield,tarlaγ,tarlaγ,,,wot,225,,,
H-451_tatar-1,,H,451_tatar,tatár,tatár,,,wot,226,,,
EAH-451_tatar-1,,EAH,451_tatar,tatar,tatar,,,wot,226,,,
H-453_nameofseveralkindsofplantseganemosphorosbuniasorientalisnapuscrambetataricastormwind-1,,H,453_nameofseveralkindsofplantseganemosphorosbuniasorientalisnapuscrambetataricastormwind,tátorján,tátorján,,,wot,227,,,
OH-453_nameofseveralkindsofplantseganemosphorosbuniasorientalisnapuscrambetataricastormwind-1,,OH,453_nameofseveralkindsofplantseganemosphorosbuniasorientalisnapuscrambetataricastormwind,tāturyan,tāturyan,,,wot,227,,,
EAH-453_nameofseveralkindsofplantseganemosphorosbuniasorientalisnapuscrambetataricastormwind-1,,EAH,453_nameofseveralkindsofplantseganemosphorosbuniasorientalisnapuscrambetataricastormwind,taturγan,taturγan,,,wot,227,,,
H-455_troughwashtubhutch-1,,H,455_troughwashtubhutch,teknő,teknő,,,wot,228,,,
OH-455_troughwashtubhutch-1,,OH,455_troughwashtubhutch,tekenȫ,tekenȫ,,,wot,228,,,
EAH-455_troughwashtubhutch-1,,EAH,455_troughwashtubhutch,tekeneγ,tekeneγ,,,wot,228,,,
H-457_apieceoflandfieldparcelpatchahigherplacewhereanimalsrestandaccumulatedung-1,,H,457_apieceoflandfieldparcelpatchahigherplacewhereanimalsrestandaccumulatedung,telek,telek,,,wot,229,,,
EAH-457_apieceoflandfieldparcelpatchahigherplacewhereanimalsrestandaccumulatedung-1,,EAH,457_apieceoflandfieldparcelpatchahigherplacewhereanimalsrestandaccumulatedung,telük,telük,,,wot,229,,,
H-459_axle-1,,H,459_axle,tenɡely,tenɡely,,,wot,230,,,
EAH-459_axle-1,,EAH,459_axle,tengel,tengel,,,wot,230,,,
H-462_toturntochangetheoriginaldirection-1,,H,462_toturntochangetheoriginaldirection,térül,térül,,,wot,231,,,
OH-462_toturntochangetheoriginaldirection-1,,OH,462_toturntochangetheoriginaldirection,tēr,tēr,,,wot,231,,,
EAH-462_toturntochangetheoriginaldirection-1,,EAH,462_toturntochangetheoriginaldirection,tevir,tevir,,,wot,231,,,
H-463_knee-1,,H,463_knee,térd,térd,,,wot,232,,,
EAH-463_knee-1,,EAH,463_knee,tīr,tīr,,,wot,232,,,
H-465_camel-1,,H,465_camel,teve,teve,,,wot,233,,,
EAH-465_camel-1,,EAH,465_camel,teve,teve,,,wot,233,,,
H-467_steeryoungbullockox-1,,H,467_steeryoungbullockox,tinó,tinó,,,wot,234,,,
EAH-467_steeryoungbullockox-1,,EAH,467_steeryoungbullockox,tana,tana,,,wot,234,,,
H-469_tolayeggs-1,,H,469_tolayeggs,tojik,tojik,,,wot,235,,,
OH-469_tolayeggs-1,,OH,469_tolayeggs,tuik,tuik,,,wot,235,,,
LAH-469_tolayeggs-1,,LAH,469_tolayeggs,tuγik,tuγik,,,wot,235,,,
EAH-469_tolayeggs-1,,EAH,469_tolayeggs,tuγ,tuγ,,,wot,235,,,
H-471_oneyearoldlamb-1,,H,471_oneyearoldlamb,toklyó,toklyó,,,wot,236,,,
OH-471_oneyearoldlamb-1,,OH,471_oneyearoldlamb,toklʹu,toklʹu,,,wot,236,,,
EAH-471_oneyearoldlamb-1,,EAH,471_oneyearoldlamb,toklu,toklu,,,wot,236,,,
H-473_horseradisharmoraciarusticana-1,,H,473_horseradisharmoraciarusticana,torma,torma,,,wot,237,,,
EAH-473_horseradisharmoraciarusticana-1,,EAH,473_horseradisharmoraciarusticana,turma,turma,,,wot,237,,,
H-475_topileuptobecomeblocked-1,,H,475_topileuptobecomeblocked,torlik,torlik,,,wot,238,,,
OH-475_topileuptobecomeblocked-1,,OH,475_topileuptobecomeblocked,torol,torol,,,wot,238,,,
LAH-475_topileuptobecomeblocked-1,,LAH,475_topileuptobecomeblocked,toro,toro,,,wot,238,,,
EAH-475_topileuptobecomeblocked-1,,EAH,475_topileuptobecomeblocked,toro,toro,,,wot,238,,,
H-477_slovak-1,,H,477_slovak,tót,tót,,,wot,239,,,
OH-477_slovak-1,,OH,477_slovak,tat,tat,,,wot,239,,,
EAH-477_slovak-1,,EAH,477_slovak,tāt,tāt,,,wot,239,,,
H-479_innumerable-1,,H,479_innumerable,töméntelen,töméntelen,,,wot,240,,,
OH-479_innumerable-1,,OH,479_innumerable,tömēń,tömēń,,,wot,240,,,
EAH-479_innumerable-1,,EAH,479_innumerable,tümen,tümen,,,wot,240,,,
H-481_snaretrap-1,,H,481_snaretrap,tőr,tőr,,,wot,241,,,
EAH-481_snaretrap-1,,EAH,481_snaretrap,tȫr,tȫr,,,wot,241,,,
H-483_tohappentooccur-1,,H,483_tohappentooccur,történik,történik,,,wot,242,,,
OH-483_tohappentooccur-1,,OH,483_tohappentooccur,törtēn,törtēn,,,wot,242,,,
EAH-483_tohappentooccur-1,,EAH,483_tohappentooccur,törtün,törtün,,,wot,242,,,
H-485_peatturfdrieddung-1,,H,485_peatturfdrieddung,tőzeɡ,tőzeɡ,,,wot,243,,,
EAH-485_peatturfdrieddung-1,,EAH,485_peatturfdrieddung,tözek,tözek,,,wot,243,,,
H-487_cottagecheesecheesecurds-1,,H,487_cottagecheesecheesecurds,túró,túró,,,wot,244,,,
OH-487_cottagecheesecheesecurds-1,,OH,487_cottagecheesecheesecurds,turō,turō,,,wot,244,,,
EAH-487_cottagecheesecheesecurds-1,,EAH,487_cottagecheesecheesecurds,toraγ,toraγ,,,wot,244,,,
H-489_bustardotis-1,,H,489_bustardotis,túzok,túzok,,,wot,245,,,
EAH-489_bustardotis-1,,EAH,489_bustardotis,toγzak,toγzak,,,wot,245,,,
H-493_mirror-1,,H,493_mirror,tükör,tükör,,,wot,246,,,
EAH-493_mirror-1,,EAH,493_mirror,tiker,tiker,,,wot,246,,,
H-493_mirror-2,,H,493_mirror,tükör,tükör,,,wot,247,,,
EAH-493_mirror-2,,EAH,493_mirror,tüker,tüker,,,wot,247,,,
H-495_torollupascrolloronessleeves-1,,H,495_torollupascrolloronessleeves,tűr,tűr,,,wot,248,,,
EAH-495_torollupascrolloronessleeves-1,,EAH,495_torollupascrolloronessleeves,tür,tür,,,wot,248,,,
H-497_owlstrix-1,,H,497_owlstrix,uɡ,uɡ,,,wot,249,,,
EAH-497_owlstrix-1,,EAH,497_owlstrix,ugu,ugu,,,wot,249,,,
H-499_torefreshoneselftoresttobecomecured-1,,H,499_torefreshoneselftoresttobecomecured,üdül,üdül,,,wot,250,,,
OH-499_torefreshoneselftoresttobecomecured-1,,OH,499_torefreshoneselftoresttobecomecured,idül,idül,,,wot,250,,,
LAH-499_torefreshoneselftoresttobecomecured-1,,LAH,499_torefreshoneselftoresttobecomecured,edül,edül,,,wot,250,,,
EAH-499_torefreshoneselftoresttobecomecured-1,,EAH,499_torefreshoneselftoresttobecomecured,edü,edü,,,wot,250,,,
H-501_heiferroedoe-1,,H,501_heiferroedoe,ünő,ünő,,,wot,251,,,
OH-501_heiferroedoe-1,,OH,501_heiferroedoe,inȫ,inȫ,,,wot,251,,,
LAH-501_heiferroedoe-1,,LAH,501_heiferroedoe,ineü,ineü,,,wot,251,,,
EAH-501_heiferroedoe-1,,EAH,501_heiferroedoe,ineγ,ineγ,,,wot,251,,,
H-503_groundsquirrelcitelluscitellus-1,,H,503_groundsquirrelcitelluscitellus,ürɡe,ürɡe,,,wot,252,,,
EAH-503_groundsquirrelcitelluscitellus-1,,EAH,503_groundsquirrelcitelluscitellus,ürge,ürge,,,wot,252,,,
H-505_wormwoodartemisiabitterness-1,,H,505_wormwoodartemisiabitterness,üröm,üröm,,,wot,253,,,
OH-505_wormwoodartemisiabitterness-1,,OH,505_wormwoodartemisiabitterness,irim,irim,,,wot,253,,,
EAH-505_wormwoodartemisiabitterness-1,,EAH,505_wormwoodartemisiabitterness,erim,erim,,,wot,253,,,
H-508_hotembersextinguishedembers-1,,H,508_hotembersextinguishedembers,üszök,üszök,,,wot,254,,,
EAH-508_hotembersextinguishedembers-1,,EAH,508_hotembersextinguishedembers,isüg,isüg,,,wot,254,,,
H-509_oneyearoldfemalesheep-1,,H,509_oneyearoldfemalesheep,üvecs,üvecs,,,wot,255,,,
EAH-509_oneyearoldfemalesheep-1,,EAH,509_oneyearoldfemalesheep,öveč,öveč,,,wot,255,,,
H-511_troughtray-1,,H,511_troughtray,vályú,vályú,,,wot,256,,,
OH-511_troughtray-1,,OH,511_troughtray,valʹū,valʹū,,,wot,256,,,
LAH-511_troughtray-1,,LAH,511_troughtray,vālū,vālū,,,wot,256,,,
EAH-511_troughtray-1,,EAH,511_troughtray,valaγ,valaγ,,,wot,256,,,
H-514_aholeintheiceforfishing-1,,H,514_aholeintheiceforfishing,lék,lék,,,wot,257,,,
EAH-514_aholeintheiceforfishing-1,,EAH,514_aholeintheiceforfishing,vekü,vekü,,,wot,257,,,
H-515_guest-1,,H,515_guest,vendéɡ,vendéɡ,,,wot,258,,,
EAH-515_guest-1,,EAH,515_guest,vendeg,vendeg,,,wot,258,,,
H-517_gablefrontispiece-1,,H,517_gablefrontispiece,vértelek,vértelek,,,wot,259,,,
EAH-517_gablefrontispiece-1,,EAH,517_gablefrontispiece,vertelük,vertelük,,,wot,259,,,
